gp_name,gp_lgd_code,note
Amarapur,273065,"No schools found in 446-school source file (verified: 0 exact village matches, 0 address mentions)"
Bhumanagunda,273066,"No schools found in 446-school source file (verified: 0 exact village matches, 0 address mentions)"
Chinchodi,219674,"No schools found in 446-school source file (verified: 0 exact village matches, 0 address mentions)"
Dondambli,219675,"No schools found in 446-school source file (verified: 0 exact village matches, 0 address mentions)"
Ganadhal (Deodurga),219678,"No schools found in 446-school source file (verified: 0 exact village matches, 0 address mentions)"
Hemanal,219680,"No schools found in 446-school source file (verified: 0 exact village matches, 0 address mentions)"
Hosur Siddapur,219682,"No schools found in 446-school source file (verified: 0 exact village matches, 0 address mentions)"
Jeerabandi,219685,"No schools found in 446-school source file (verified: 0 exact village matches, 0 address mentions)"
Karadigudda,219687,"No schools found in 446-school source file (verified: 0 exact village matches, 0 address mentions)"
Maladakal,219692,"No schools found in 446-school source file (verified: 0 exact village matches, 0 address mentions)"
Malledevaragudda,273067,"No schools found in 446-school source file (verified: 0 exact village matches, 0 address mentions)"
Ramadurga,219698,"No schools found in 446-school source file (verified: 0 exact village matches, 0 address mentions)"
Shavantagera,273068,"No schools found in 446-school source file (verified: 0 exact village matches, 0 address mentions)"
