GP Name,GP LGD Code,total_schools,total_students,total_teachers,department_of_education_schools,tribal_welfare_schools,government_aided_schools,private_unaided_schools,primary_schools,primary_upper_primary_schools,secondary_schools,upper_primary_secondary_schools,primary_secondary_schools,higher_secondary_schools,schools_with_library,schools_with_drinking_water,schools_with_handwash,schools_with_boundary_wall,boys_toilets,girls_toilets,cwsn_toilets,classrooms,students_per_teacher,schools_per_1000_students,library_coverage_pct,boundary_wall_coverage_pct,drinking_water_coverage_pct,handwash_coverage_pct
Alkod,219671.0,23,2901,69,18,2,0,3,11,5,1,1,0,4,20,23,23,21,37,44,6,129,42.04347826086956,7.928300586004825,86.95652173913044,91.30434782608695,100.0,100.0
Arkera,219672.0,18,2946,74,13,1,0,4,8,5,1,2,0,2,15,18,18,15,32,32,4,152,39.810810810810814,6.109979633401222,83.33333333333334,83.33333333333334,100.0,100.0
B.Ganekal,219673.0,14,2474,58,13,0,0,1,8,5,1,0,0,0,12,14,14,14,20,25,4,91,42.6551724137931,5.658852061438965,85.71428571428571,100.0,100.0,100.0
Gabbur,219676.0,26,4855,135,17,2,0,7,7,10,3,2,2,2,22,26,26,20,47,42,9,177,35.96296296296296,5.355303810504634,84.61538461538461,76.92307692307693,100.0,100.0
Galaga,219677.0,19,2295,52,16,1,0,2,12,5,0,1,0,1,17,19,19,17,28,30,2,99,44.13461538461539,8.278867102396514,89.47368421052632,89.47368421052632,100.0,100.0
Gugal,219679.0,14,1762,48,13,0,0,1,5,8,1,0,0,0,12,14,14,12,17,18,0,72,36.708333333333336,7.945516458569807,85.71428571428571,85.71428571428571,100.0,100.0
Hirebudur,219681.0,21,2923,99,16,0,0,5,8,10,2,0,0,1,18,21,21,18,28,33,15,148,29.525252525252526,7.18439958946288,85.71428571428571,85.71428571428571,100.0,100.0
Jagirajadaladinni,219683.0,15,1150,41,14,1,0,0,11,4,0,0,0,0,10,15,15,13,17,18,0,57,28.048780487804876,13.043478260869565,66.66666666666666,86.66666666666667,100.0,100.0
Jalahalli,219684.0,36,6824,153,26,2,2,6,11,17,3,2,1,2,29,36,36,33,57,52,30,243,44.60130718954248,5.275498241500586,80.55555555555556,91.66666666666666,100.0,100.0
K.Irabgera,219686.0,21,1895,56,18,0,0,3,16,4,0,0,1,0,20,21,21,20,25,25,4,61,33.839285714285715,11.08179419525066,95.23809523809523,95.23809523809523,100.0,100.0
Karigudda,219688.0,15,1727,57,13,0,0,2,7,8,0,0,0,0,10,15,15,12,19,19,4,79,30.29824561403509,8.685581933989578,66.66666666666666,80.0,100.0,100.0
Koppar,219689.0,17,2549,68,14,0,0,3,7,8,1,0,1,0,15,17,17,15,20,20,4,86,37.48529411764706,6.669282071400549,88.23529411764706,88.23529411764706,100.0,100.0
Kothadoddi,219690.0,16,2596,65,14,1,0,1,9,4,1,0,1,1,6,16,16,14,20,20,0,83,39.93846153846154,6.163328197226503,37.5,87.5,100.0,100.0
Kyadigera,219691.0,13,1139,33,13,0,0,0,9,4,0,0,0,0,13,13,13,13,14,15,0,54,34.515151515151516,11.41352063213345,100.0,100.0,100.0,100.0
Masarkal,219693.0,15,3091,68,12,1,0,2,4,9,0,1,0,1,11,15,15,14,27,28,4,104,45.455882352941174,4.8527984471044965,73.33333333333333,93.33333333333333,100.0,100.0
Mundaragi,219694.0,13,1568,36,12,0,0,1,8,4,1,0,0,0,9,13,13,12,14,16,0,57,43.55555555555556,8.290816326530614,69.23076923076923,92.3076923076923,100.0,100.0
Mustur,219695.0,12,1446,42,11,0,0,1,8,2,1,0,1,0,11,12,12,11,17,16,4,50,34.42857142857143,8.298755186721992,91.66666666666666,91.66666666666666,100.0,100.0
Nagadadinni,219696.0,11,2174,61,11,0,0,0,1,8,2,0,0,0,11,11,11,9,15,15,5,67,35.63934426229508,5.059797608095676,100.0,81.81818181818183,100.0,100.0
Palakanamardi,219697.0,18,2951,74,15,0,0,3,6,10,2,0,0,0,16,18,18,18,28,32,7,106,39.87837837837838,6.099627245001694,88.88888888888889,100.0,100.0,100.0
Somanamaradi,273069.0,16,1770,49,16,0,0,0,10,5,1,0,0,0,11,16,16,12,17,17,0,58,36.12244897959184,9.03954802259887,68.75,75.0,100.0,100.0
