gp_name,need_rank,need_score_raw,need_score_100,priority_category,child_share,illiteracy_rate,marginal_worker_share,non_worker_share,school_college_deficiency,all_weather_road_deficiency,internal_pucca_road_deficiency,transport_deficiency,electricity_deficiency,drainage_deficiency,health_facility_deficiency,education_data_available,education_need_subindex
Alkod,2,0.6810615707692338,71.49139856471103,Higher Need,1.0,0.7488826131281557,0.2357646218721854,0.6193317398798345,0.6666666666666666,1.0,1.0,0.75,0.08333333333333334,0.8124999999999999,0.75,True,0.25085230148726084
Amarapur,12,0.24731240258027393,21.187968014774818,Moderate Need,0.7573604642435883,0.5970773297744952,0.38432814484770805,0.13881990958784893,0.0,0.125,0.859375,0.25,0.29166666666666674,0.5312499999999998,1.0,False,
Arkera,20,0.20868075971080632,16.707719275098583,Moderate Need,0.4998578851653187,0.6248514522079873,0.3255628865708873,0.8895010298716683,0.0,0.5,1.0,0.0,0.16666666666666666,0.12500000000000003,0.5,True,0.4192101231478121
B.Ganekal,25,0.15901705740986213,10.948043446833003,Lower Need,0.4522861607932737,0.6106507613676926,0.3414039835110369,0.2793889630190047,0.0,0.19999999999999996,1.0,0.0,0.0,0.6249999999999999,0.8,True,0.1298220334105679
Bhumanagunda,18,0.213871652779197,17.309725568386,Moderate Need,0.7412459674093688,0.7938049663695578,0.03692048615496766,0.42837981305397393,0.0,0.33333333333333337,1.0,0.0,0.33333333333333337,0.6249999999999998,1.0,False,
Chinchodi,32,0.11604651238103882,5.964596823579425,Lower Need,0.5922659518706841,0.4862800723695226,0.028899740158611843,0.5572077694888994,0.0,0.0,0.32500000000000007,0.0,0.6222222222222222,0.25,0.0,False,
Dondambli,15,0.231937822526546,19.404923396623033,Moderate Need,0.35577743084166086,0.4533325868685327,0.12962421106364475,0.2941085340772607,0.14814814814814814,0.11111111111111116,1.0,0.1111111111111111,0.654320987654321,0.6388888888888888,0.4444444444444444,False,
Gabbur,33,0.06461584686724577,0.0,Lower Need,0.15845279276001187,0.0,0.0,0.9685554315285635,0.0,0.0,1.0,0.0,0.0,0.25,0.0,True,0.5715260879355305
Galaga,26,0.15166325874533923,10.095197314715724,Lower Need,0.4756036537188054,0.6162987344543257,0.1535830021423615,0.3559214763723312,0.0,0.5,1.0,0.0,0.0,0.6249999999999999,0.0,True,0.221792529009728
Ganadhal (Deodurga),11,0.25811134752815446,22.440359989303378,Higher Need,0.45995695464167485,0.45254832475368884,0.36415652247134866,0.24139520438165638,0.0,0.5,1.0,0.0,0.6666666666666666,1.0,0.75,False,
Gugal,27,0.14802613208562546,9.673386826658424,Lower Need,0.3416754394481325,0.2494084037861839,0.9608641936614504,0.15863595633089922,0.0,0.0,1.0,0.0,0.0,0.6249999999999999,0.7142857142857143,True,0.434175864682139
Hemanal,7,0.30366919802155595,27.72386561046189,Higher Need,0.26724403460994006,0.30800036457405255,0.3084292962117549,0.36130209538263763,0.14814814814814814,0.2222222222222222,1.0,0.3333333333333333,0.33333333333333337,0.45833333333333326,0.8888888888888888,False,
Hirebudur,13,0.23470821860742497,19.726216063147756,Moderate Need,0.0,0.2128877621191601,0.39455897842177484,0.2631157821375969,0.0,0.6666666666666667,1.0,0.0,0.4444444444444443,0.7499999999999998,0.6666666666666666,True,0.5717266349315967
Hosur Siddapur,22,0.19984044141331286,15.682476185010252,Moderate Need,0.8000145395268756,0.7357528537090816,0.28398814476237083,0.507291880864585,0.0,0.19999999999999996,1.0,0.0,0.39999999999999997,0.6249999999999999,0.6,False,
Jagirajadaladinni,16,0.23118365725162376,19.317460172915602,Moderate Need,0.512277930515926,0.45297718940994525,0.3067416889448976,0.0,0.19047619047619047,0.0,1.0,0.14285714285714285,0.23809523809523814,0.7857142857142857,0.8571428571428571,True,0.6888888888888888
Jalahalli,1,0.9268814288505205,100.0,Higher Need,0.3276253118768147,0.1381864925779548,0.4789498935407877,1.0,1.0,1.0,1.0,1.0,1.0,1.0,1.0,True,0.23117930730796732
Jeerabandi,21,0.2064608470527452,16.45026812496046,Moderate Need,0.15295848378346713,0.22099150901491132,0.2742420904485583,0.22989215211970093,0.14814814814814814,0.11111111111111116,0.0,0.1111111111111111,0.29629629629629634,0.3333333333333333,1.0,False,
K.Irabgera,28,0.13639248107053792,8.324191026876033,Lower Need,0.9505528662700728,1.0,0.3178255388429519,0.339434216518763,0.0,0.0,1.0,0.0,0.49999999999999994,0.02083333333333333,0.0,True,0.3113382609642731
Karadigudda,29,0.12233667983556039,6.694089869104183,Lower Need,0.6567974370222663,0.24828036785106036,0.5729262196427432,0.2717758932182846,0.0,0.0,1.0,0.0,1.5419764230904953e-17,0.25000000000000006,0.6666666666666666,False,
Karigudda,31,0.11952952288701903,6.368533914280533,Lower Need,0.677675511053763,0.7270104523852804,0.2755921022699523,0.5200343303556241,0.0,0.0,0.775,0.0,0.33333333333333337,0.25,0.0,True,0.7347021575767391
Koppar,17,0.22113661703881385,18.152269259264493,Moderate Need,0.426204696569802,0.285231824804457,0.3227277913639336,0.5711553457358978,0.0,0.8571428571428572,1.0,0.0,0.0476190476190476,0.21428571428571436,0.42857142857142855,True,0.37223880753801586
Kothadoddi,5,0.3297193232133161,30.744991089208582,Higher Need,0.5571609494652949,0.7667407314777551,0.2848067057478488,0.26139325874819846,0.13333333333333333,0.6,0.8875000000000002,0.1,0.5999999999999999,0.7749999999999998,0.8,True,0.6056545934953549
Kyadigera,30,0.12122495742578102,6.565159475382294,Lower Need,0.6169953690165741,0.7556344110938151,0.5805544308442969,0.2915463503336102,0.0,0.0,1.0,0.0,0.33333333333333337,0.0,0.0,True,0.2095070338255105
Maladakal,4,0.4265782626251639,41.97806607627522,Higher Need,0.32980674864206033,0.42525791334535507,0.04727024166341485,0.7689409226892457,0.2222222222222222,0.16666666666666663,1.0,0.6666666666666666,0.5555555555555556,1.0,0.5,False,
Malledevaragudda,14,0.2344177689961201,19.692531590825805,Moderate Need,0.5206017382811037,0.5996650929267969,0.2882934431185566,0.21582426459732837,0.0,0.0,0.775,0.2,0.6666666666666666,0.425,1.0,False,
Masarkal,8,0.30290544909228573,27.635290936344255,Higher Need,0.2721951416922774,0.21782736730520758,0.05431187873333708,0.9972554648935688,0.26666666666666666,0.19999999999999996,0.775,0.2,0.5333333333333333,0.6249999999999999,0.4,True,0.2311111111111114
Mundaragi,23,0.17010804849955138,12.234305048992647,Lower Need,0.5082282057649573,0.531310542714378,1.0,0.06760187853410941,0.0,0.0,1.0,0.0,0.33333333333333337,0.3499999999999999,0.6,True,0.3030565419430267
Mustur,24,0.16590229218852642,11.746548562023586,Lower Need,0.4038144616745782,0.5187454459223206,0.2270731432792706,0.2620133850606301,0.0,0.30000000000000004,1.0,0.0,0.0,0.6249999999999999,0.9,True,0.3667205350335722
Nagadadinni,9,0.2864949556738036,25.732107768492796,Higher Need,0.34883849274621,0.2641458268718367,0.600496518222067,0.6244795347741136,0.2222222222222222,0.16666666666666663,1.0,0.16666666666666666,0.1666666666666667,0.4374999999999999,0.8333333333333334,True,0.4304038032322571
Palakanamardi,6,0.3125201266505327,28.75033921835181,Higher Need,0.41751868679963183,0.5571798041331737,0.009110520452283154,0.43705749503620733,0.0,1.0,1.0,0.0,0.6666666666666665,0.8333333333333334,0.8333333333333334,True,0.16606440154687654
Ramadurga,3,0.5680173572752505,58.38125989560478,Higher Need,0.15412862593085366,0.2583852261171159,0.07942881497913618,0.21347162290578353,0.6666666666666666,0.6,0.8875000000000002,0.6,0.4000000000000001,1.0,1.0,False,
Shavantagera,10,0.2737121135890354,24.24963620151146,Higher Need,0.41246829715302336,0.3534874348127583,0.44717766098714484,0.479594141251009,0.0,0.8,1.0,0.0,0.33333333333333337,0.6249999999999999,0.8,False,
Somanamaradi,19,0.21288854009082045,17.19571050053239,Moderate Need,0.5127254176172119,0.6216987874296394,0.13406863477967668,0.08047404579631828,0.3333333333333333,0.0,1.0,0.0,0.0,0.6249999999999999,1.0,True,0.6787284570336345
