gp_name,gp_lgd_code,District,Block,GPDP Score,Grade,No_HH,TOT_P,TOT_M,TOT_F,P_06,M_06,F_06,P_SC,M_SC,F_SC,P_ST,M_ST,F_ST,P_LIT,M_LIT,F_LIT,P_ILL,M_ILL,F_ILL,TOT_WORK_P,TOT_WORK_M,TOT_WORK_F,MAINWORK_P,MAINWORK_M,MAINWORK_F,MAIN_CL_P,MAIN_CL_M,MAIN_CL_F,MAIN_AL_P,MAIN_AL_M,MAIN_AL_F,MAIN_HH_P,MAIN_HH_M,MAIN_HH_F,MAIN_OT_P,MAIN_OT_M,MAIN_OT_F,MARGWORK_P,MARGWORK_M,MARGWORK_F,MARG_CL_P,MARG_CL_M,MARG_CL_F,MARG_AL_P,MARG_AL_M,MARG_AL_F,MARG_HH_P,MARG_HH_M,MARG_HH_F,MARG_OT_P,MARG_OT_M,MARG_OT_F,MARGWORK_3_6_P,MARGWORK_3_6_M,MARGWORK_3_6_F,MARG_CL_3_6_P,MARG_CL_3_6_M,MARG_CL_3_6_F,MARG_AL_3_6_P,MARG_AL_3_6_M,MARG_AL_3_6_F,MARG_HH_3_6_P,MARG_HH_3_6_M,MARG_HH_3_6_F,MARG_OT_3_6_P,MARG_OT_3_6_M,MARG_OT_3_6_F,MARGWORK_0_3_P,MARGWORK_0_3_M,MARGWORK_0_3_F,MARG_CL_0_3_P,MARG_CL_0_3_M,MARG_CL_0_3_F,MARG_AL_0_3_P,MARG_AL_0_3_M,MARG_AL_0_3_F,MARG_HH_0_3_P,MARG_HH_0_3_M,MARG_HH_0_3_F,MARG_OT_0_3_P,MARG_OT_0_3_M,MARG_OT_0_3_F,NON_WORK_P,NON_WORK_M,NON_WORK_F,n_census_villages_aggregated,No_of_Schools,Total_Enrolment,Total_Teachers,Pupil_Teacher_Ratio,Govt_Schools,Private_Schools,Total_Classrooms,Boys_Toilets,Girls_Toilets,CWSN_Toilets,Schools_With_Internet,Schools_With_Library,Schools_With_Drinking_Water,Schools_With_Handwash,Schools_With_Boundary_Wall,No_of_Schools_edu,Total_Enrolment_edu,Total_Teachers_edu,Pupil_Teacher_Ratio_edu,Govt_Schools_edu,Private_Schools_edu,Total_Classrooms_edu,Boys_Toilets_edu,Girls_Toilets_edu,CWSN_Toilets_edu,Schools_With_Internet_edu,Schools_With_Library_edu,Schools_With_Drinking_Water_edu,Schools_With_Handwash_edu,Schools_With_Boundary_Wall_edu,year,state_name,state_code,district_name,district_code,block_name,block_code,gp_code,villages_surveyed,tot_pop,pop_male,pop_female,tot_hh,bank,bank_dist_l1km,bank_dist_2km,bank_dist_5km,bank_dist_10km,bank_dist_g10_km,bc_w_internet,atm,internet_bb,all_weather_road,cc_road_full,cc_road_partial,cc_road_not,pub_trans_bus,pub_trans_van,pub_trans_auto,pub_trans_no,railway,csc_panchayat,csc_seperate,csc_not,elec_domes_1hrs,elec_domes_4hrs,elec_domes_8hrs,elec_domes_12hrs,elec_domes_no,elec_msme,pds,mandi,reg_mkt,weekly_haat,mkt_na,tap_100,tap_50,tap_l50,tap_one_hab,tap_na,tel_ll,tel_mob,tel_both,tel_na,clean_energy_hhs,solar_wind_elect,kuccha_hhs,po_sub_po,panch_bhawan,pib_na,pib_av_upd,pib_av_not_upd,prim_school,middle_school,high_school,high_second_school,degree_clg,school_college_na,public_library,indoor_sports,outdoor_sports,both_sports,no_sports,vocational,chc,phc,subcentre,no_health,subcentre_l1km,subcentre_2km,subcentre_5km,subcentre_10km,subcentre_g10km,veterinary,veterinary_l1km,veterinary_2km,veterinary_5km,veterinary_10km,veterinary_g10km,closed_drain,pucca_slab_drain,pucca_uncovered_drain,kuchha_drain,no_drain,pcomm_pasture,finance_payments_2022-23,finance_payments_2023-24,finance_payments_2024-25,finance_payments_2025-26,finance_receipts_2022-23,finance_receipts_2023-24,finance_receipts_2024-25,finance_receipts_2025-26,xvfc_Payments (In Rs.)_2022-23,xvfc_Payments (In Rs.)_2023-24,xvfc_Payments (In Rs.)_2024-25,xvfc_Payments (In Rs.)_2025-26,xvfc_Receipts (In Rs.)_2022-23,xvfc_Receipts (In Rs.)_2023-24,xvfc_Receipts (In Rs.)_2024-25,xvfc_Receipts (In Rs.)_2025-26
Alkod,219671,Raichur,Devadurga,30,D,1253.0,7524.0,3770.0,3754.0,1530.0,773.0,757.0,1200.0,622.0,578.0,4045.0,2025.0,2020.0,2413.0,1523.0,890.0,5111.0,2247.0,2864.0,3645.0,2022.0,1623.0,3028.0,1855.0,1173.0,1493.0,1121.0,372.0,1218.0,523.0,695.0,40.0,35.0,5.0,277.0,176.0,101.0,617.0,167.0,450.0,32.0,9.0,23.0,534.0,144.0,390.0,5.0,1.0,4.0,46.0,13.0,33.0,556.0,140.0,416.0,32.0,9.0,23.0,474.0,118.0,356.0,5.0,1.0,4.0,45.0,12.0,33.0,61.0,27.0,34.0,0.0,0.0,0.0,60.0,26.0,34.0,0.0,0.0,0.0,1.0,1.0,0.0,3879.0,1748.0,2131.0,4,,,,,,,,,,,,,,,,,,,,,,,,,,,,,,,2020,Karnataka,29,Raichur,546,Devadurga,5893,219671,4,7524,3770,3754,1253,0,0,0,1,1,2,0,0,0,0,0,0,4,0,0,1,3,0,0,3,1,0,0,1,3,0,0,0,0,0,0,4,0,0,0,0,4,0,0,1,3,454,0,270,1,1,0,1,3,2,0,0,0,0,2,2,0,0,0,4,0,0,1,0,3,0,0,2,1,0,1,0,0,1,2,0,0,0,0,2,2,0,2871469.0,1603695.0,7448271.0,15767064.0,14530119.0,14270303.0,16915088.0,28555416.0,2831469.0,1603695.0,7448271.0,15767064.0,13771590.0,14270303.0,16915088.0,28555416.0
Amarapur,273065,Raichur,Devadurga,35,D,939.0,5835.0,2911.0,2924.0,1083.0,568.0,515.0,1740.0,901.0,839.0,1291.0,628.0,663.0,2120.0,1276.0,844.0,3715.0,1635.0,2080.0,3260.0,1651.0,1609.0,2584.0,1458.0,1126.0,1144.0,785.0,359.0,1285.0,574.0,711.0,8.0,4.0,4.0,147.0,95.0,52.0,676.0,193.0,483.0,179.0,31.0,148.0,420.0,129.0,291.0,22.0,9.0,13.0,55.0,24.0,31.0,560.0,162.0,398.0,152.0,21.0,131.0,339.0,113.0,226.0,21.0,8.0,13.0,48.0,20.0,28.0,116.0,31.0,85.0,27.0,10.0,17.0,81.0,16.0,65.0,1.0,1.0,0.0,7.0,4.0,3.0,2575.0,1260.0,1315.0,8,,,,,,,,,,,,,,,,,,,,,,,,,,,,,,,2020,Karnataka,29,Raichur,546,Devadurga,5893,273065,8,6144,3094,3050,1110,0,0,0,1,4,3,0,0,0,7,1,5,2,6,0,0,2,0,1,0,7,0,1,5,2,0,1,0,0,0,0,8,7,1,0,0,0,0,5,0,3,265,0,375,0,2,7,1,0,8,1,0,0,0,0,1,0,8,0,0,0,0,0,0,8,0,0,1,3,4,0,0,0,0,5,3,0,0,2,6,0,6,6029923.0,2960919.0,2293439.0,5118514.0,9524406.0,6854985.0,6178241.0,14142440.0,5419077.0,2960919.0,2293439.0,5118514.0,8830856.0,6854985.0,6178241.0,14142440.0
Arkera,219672,Raichur,Devadurga,35,D,1343.0,7915.0,3978.0,3937.0,1320.0,659.0,661.0,1330.0,668.0,662.0,2800.0,1381.0,1419.0,2814.0,1703.0,1111.0,5101.0,2275.0,2826.0,3504.0,2096.0,1408.0,2693.0,1700.0,993.0,906.0,625.0,281.0,933.0,435.0,498.0,80.0,50.0,30.0,774.0,590.0,184.0,811.0,396.0,415.0,118.0,47.0,71.0,310.0,124.0,186.0,2.0,1.0,1.0,381.0,224.0,157.0,753.0,375.0,378.0,109.0,44.0,65.0,271.0,114.0,157.0,1.0,0.0,1.0,372.0,217.0,155.0,58.0,21.0,37.0,9.0,3.0,6.0,39.0,10.0,29.0,1.0,1.0,0.0,9.0,7.0,2.0,4411.0,1882.0,2529.0,2,,,,,,,,,,,,,,,,,,,,,,,,,,,,,,,2020,Karnataka,29,Raichur,546,Devadurga,5893,219672,2,7915,3978,3937,1393,1,0,0,0,1,0,1,1,1,1,0,2,0,1,0,1,0,0,0,1,1,0,0,1,1,0,2,0,0,0,1,1,0,2,0,0,0,0,0,2,0,1105,1,375,1,1,0,2,0,2,2,1,1,0,0,1,0,0,0,2,0,1,0,0,1,0,0,0,1,0,1,0,0,0,1,0,0,1,1,0,0,1,4671443.0,4203188.0,5131043.0,4209772.0,9400658.0,10257145.0,8331019.0,13246556.0,4582155.0,4203188.0,5131043.0,4209772.0,9276320.0,10257145.0,8331019.0,13246556.0
B.Ganekal,219673,Raichur,Devadurga,35,D,1289.0,7410.0,3736.0,3674.0,1210.0,615.0,595.0,2055.0,1015.0,1040.0,2862.0,1488.0,1374.0,2664.0,1653.0,1011.0,4746.0,2083.0,2663.0,3979.0,2137.0,1842.0,3193.0,1854.0,1339.0,1627.0,1082.0,545.0,1220.0,530.0,690.0,32.0,21.0,11.0,314.0,221.0,93.0,786.0,283.0,503.0,60.0,28.0,32.0,648.0,199.0,449.0,4.0,3.0,1.0,74.0,53.0,21.0,758.0,270.0,488.0,58.0,27.0,31.0,632.0,193.0,439.0,2.0,2.0,0.0,66.0,48.0,18.0,28.0,13.0,15.0,2.0,1.0,1.0,16.0,6.0,10.0,2.0,1.0,1.0,8.0,5.0,3.0,3431.0,1599.0,1832.0,4,,,,,,,,,,,,,,,,,,,,,,,,,,,,,,,2020,Karnataka,29,Raichur,546,Devadurga,5893,219673,5,8150,4193,3957,1665,0,0,0,0,5,0,1,0,2,4,0,5,0,2,2,1,0,0,3,1,1,0,0,0,5,0,1,3,0,0,0,5,1,3,1,0,0,1,4,0,0,134,1,562,1,3,3,0,2,5,3,1,0,0,0,1,0,0,0,5,0,0,0,1,4,0,0,2,2,0,0,0,0,0,5,0,0,0,0,5,0,2,4943120.0,3949134.0,2762812.0,8912308.0,9979317.0,10509817.0,8712865.0,20584808.0,4265350.0,3949134.0,2762812.0,8912308.0,9222532.0,10509817.0,8712865.0,20584808.0
Bhumanagunda,273066,Raichur,Devadurga,35,D,985.0,6485.0,3236.0,3249.0,1196.0,613.0,583.0,400.0,212.0,188.0,5301.0,2637.0,2664.0,1998.0,1237.0,761.0,4487.0,1999.0,2488.0,3333.0,1687.0,1646.0,3095.0,1633.0,1462.0,2183.0,1342.0,841.0,715.0,181.0,534.0,69.0,9.0,60.0,128.0,101.0,27.0,238.0,54.0,184.0,63.0,11.0,52.0,164.0,37.0,127.0,1.0,0.0,1.0,10.0,6.0,4.0,230.0,49.0,181.0,59.0,8.0,51.0,163.0,37.0,126.0,1.0,0.0,1.0,7.0,4.0,3.0,8.0,5.0,3.0,4.0,3.0,1.0,1.0,0.0,1.0,0.0,0.0,0.0,3.0,2.0,1.0,3152.0,1549.0,1603.0,3,,,,,,,,,,,,,,,,,,,,,,,,,,,,,,,2020,Karnataka,29,Raichur,546,Devadurga,5893,273066,3,8572,4344,4228,1259,0,0,0,2,1,0,1,0,1,2,0,3,0,0,0,3,0,0,0,0,3,0,0,3,0,0,0,2,0,0,0,3,0,0,2,0,1,0,3,0,0,324,0,152,0,1,1,1,1,3,3,0,0,0,0,0,0,0,0,3,0,0,0,0,3,0,0,2,1,0,0,0,0,3,0,0,0,0,0,3,0,0,4151811.0,3021710.0,3363034.0,3876488.0,11952732.0,11391493.0,10851533.0,20259520.0,4130461.0,3021710.0,3363034.0,3876488.0,7810572.0,7291493.0,6751533.0,12059520.0
Chinchodi,219674,Raichur,Devadurga,35,D,1430.0,8402.0,4159.0,4243.0,1458.0,722.0,736.0,1347.0,668.0,679.0,2604.0,1305.0,1299.0,3314.0,2086.0,1228.0,5088.0,2073.0,3015.0,4151.0,2249.0,1902.0,3858.0,2184.0,1674.0,1523.0,1071.0,452.0,1573.0,663.0,910.0,17.0,11.0,6.0,745.0,439.0,306.0,293.0,65.0,228.0,73.0,5.0,68.0,193.0,46.0,147.0,1.0,0.0,1.0,26.0,14.0,12.0,289.0,63.0,226.0,72.0,5.0,67.0,192.0,45.0,147.0,1.0,0.0,1.0,24.0,13.0,11.0,4.0,2.0,2.0,1.0,0.0,1.0,1.0,1.0,0.0,0.0,0.0,0.0,2.0,1.0,1.0,4251.0,1910.0,2341.0,5,,,,,,,,,,,,,,,,,,,,,,,,,,,,,,,2020,Karnataka,29,Raichur,546,Devadurga,5893,219674,5,18260,8096,10164,3470,3,0,0,0,2,0,5,2,4,5,3,1,1,3,2,0,0,3,1,3,1,2,2,0,1,0,3,4,1,2,0,2,1,4,0,0,0,2,0,0,3,231,3,321,3,2,4,1,0,5,3,3,3,3,0,3,2,2,0,1,3,4,1,0,0,0,0,0,0,0,1,1,0,1,2,0,3,0,0,0,2,3,6717157.0,1742970.0,2371851.0,9328326.0,10983005.0,8684551.0,9914583.0,23276730.0,5801101.0,1742970.0,2371851.0,9328326.0,10050601.0,8684551.0,9914583.0,23276730.0
Dondambli,219675,Raichur,Devadurga,35,D,1719.0,10273.0,5117.0,5156.0,1605.0,818.0,787.0,1618.0,823.0,795.0,3971.0,1991.0,1980.0,4147.0,2525.0,1622.0,6126.0,2592.0,3534.0,5493.0,2943.0,2550.0,4899.0,2724.0,2175.0,1364.0,1011.0,353.0,3123.0,1410.0,1713.0,44.0,22.0,22.0,368.0,281.0,87.0,594.0,219.0,375.0,49.0,38.0,11.0,328.0,109.0,219.0,149.0,35.0,114.0,68.0,37.0,31.0,481.0,172.0,309.0,44.0,34.0,10.0,232.0,75.0,157.0,147.0,34.0,113.0,58.0,29.0,29.0,113.0,47.0,66.0,5.0,4.0,1.0,96.0,34.0,62.0,2.0,1.0,1.0,10.0,8.0,2.0,4780.0,2174.0,2606.0,9,,,,,,,,,,,,,,,,,,,,,,,,,,,,,,,2020,Karnataka,29,Raichur,546,Devadurga,5893,219675,9,10948,5603,5345,2135,0,0,0,1,6,2,0,0,0,8,0,1,8,8,0,0,1,0,1,0,8,1,7,1,0,0,0,6,0,0,0,9,0,8,0,0,1,0,1,1,7,397,0,279,0,1,5,4,0,7,5,1,0,0,1,1,0,0,1,8,0,0,5,0,4,0,0,0,4,0,0,0,0,0,7,2,0,1,3,0,5,0,7579128.0,1022320.0,6993524.0,8702106.0,13798223.0,11621511.0,13482686.0,21648342.0,6990216.0,1022320.0,6993524.0,8702106.0,13208502.0,11621511.0,13482686.0,21648342.0
Gabbur,219676,Raichur,Devadurga,35,D,1557.0,8272.0,4165.0,4107.0,1173.0,594.0,579.0,2262.0,1132.0,1130.0,151.0,78.0,73.0,4392.0,2623.0,1769.0,3880.0,1542.0,2338.0,3561.0,2316.0,1245.0,3327.0,2218.0,1109.0,916.0,734.0,182.0,1207.0,573.0,634.0,83.0,68.0,15.0,1121.0,843.0,278.0,234.0,98.0,136.0,30.0,16.0,14.0,56.0,15.0,41.0,27.0,10.0,17.0,121.0,57.0,64.0,205.0,86.0,119.0,29.0,15.0,14.0,48.0,15.0,33.0,22.0,7.0,15.0,106.0,49.0,57.0,29.0,12.0,17.0,1.0,1.0,0.0,8.0,0.0,8.0,5.0,3.0,2.0,15.0,8.0,7.0,4711.0,1849.0,2862.0,1,10.0,2759.0,64.0,43.11,4.0,5.0,83.0,25.0,20.0,5.0,4.0,8.0,10.0,10.0,8.0,10.0,2759.0,64.0,43.11,4.0,5.0,83.0,25.0,20.0,5.0,4.0,8.0,10.0,10.0,8.0,2020,Karnataka,29,Raichur,546,Devadurga,5893,219676,1,8272,4307,3965,2873,1,0,0,0,0,0,1,1,1,1,0,1,0,1,0,0,0,1,0,0,1,0,0,0,1,0,1,0,0,1,0,0,0,0,1,0,0,0,0,1,0,1421,0,756,1,1,0,0,1,1,1,1,1,0,0,1,0,0,0,1,0,0,1,0,0,0,0,0,0,0,1,0,0,0,0,0,0,0,1,0,0,0,5570561.0,3882605.0,9056252.84,6520054.0,17006362.0,15159746.0,14671548.0,18622478.32,5570561.0,3882605.0,9056252.84,6520054.0,16841362.0,15159746.0,14671548.0,18622478.32
Galaga,219677,Raichur,Devadurga,35,D,1318.0,8091.0,4010.0,4081.0,1335.0,668.0,667.0,769.0,370.0,399.0,4279.0,2102.0,2177.0,2896.0,1822.0,1074.0,5195.0,2188.0,3007.0,4249.0,2303.0,1946.0,3737.0,2111.0,1626.0,1354.0,1028.0,326.0,2097.0,865.0,1232.0,13.0,7.0,6.0,273.0,211.0,62.0,512.0,192.0,320.0,48.0,23.0,25.0,435.0,149.0,286.0,6.0,3.0,3.0,23.0,17.0,6.0,498.0,185.0,313.0,48.0,23.0,25.0,427.0,146.0,281.0,6.0,3.0,3.0,17.0,13.0,4.0,14.0,7.0,7.0,0.0,0.0,0.0,8.0,3.0,5.0,0.0,0.0,0.0,6.0,4.0,2.0,3842.0,1707.0,2135.0,2,,,,,,,,,,,,,,,,,,,,,,,,,,,,,,,2020,Karnataka,29,Raichur,546,Devadurga,5893,219677,2,10112,5267,4845,1950,1,0,0,0,1,0,2,0,2,1,0,2,0,2,0,0,0,0,0,1,1,0,0,0,2,0,0,2,0,0,1,1,1,1,0,0,0,0,2,0,0,1480,0,710,1,1,0,2,0,2,2,1,1,0,0,1,0,0,0,2,0,1,1,0,0,0,0,0,0,0,2,0,0,0,0,0,0,0,0,2,0,0,5708276.0,2128269.0,3020203.0,6901502.0,12149788.0,10830560.0,11061340.0,23175396.0,3764273.0,2128269.0,3020203.0,6901502.0,10183883.0,10830560.0,11061340.0,23175396.0
Ganadhal (Deodurga),219678,Raichur,Devadurga,35,D,1094.0,6103.0,3019.0,3084.0,1000.0,510.0,490.0,1256.0,609.0,647.0,1998.0,969.0,1029.0,2465.0,1480.0,985.0,3638.0,1539.0,2099.0,3313.0,1747.0,1566.0,2634.0,1579.0,1055.0,1670.0,1050.0,620.0,817.0,427.0,390.0,45.0,29.0,16.0,102.0,73.0,29.0,679.0,168.0,511.0,21.0,7.0,14.0,597.0,114.0,483.0,0.0,0.0,0.0,61.0,47.0,14.0,668.0,160.0,508.0,16.0,4.0,12.0,597.0,114.0,483.0,0.0,0.0,0.0,55.0,42.0,13.0,11.0,8.0,3.0,5.0,3.0,2.0,0.0,0.0,0.0,0.0,0.0,0.0,6.0,5.0,1.0,2790.0,1272.0,1518.0,4,,,,,,,,,,,,,,,,,,,,,,,,,,,,,,,2020,Karnataka,29,Raichur,546,Devadurga,5893,219678,4,5445,2786,2659,1364,1,0,0,0,0,3,1,0,0,2,0,2,2,4,0,0,0,0,0,0,4,0,4,0,0,0,0,0,0,0,1,3,0,4,0,0,0,0,3,0,1,350,0,79,1,1,4,0,0,4,4,2,0,0,0,1,0,0,0,4,0,0,0,1,3,0,0,0,0,3,0,0,0,0,0,4,0,0,0,0,4,0,6790605.0,3359218.0,4257387.0,4031586.0,11532510.0,8791384.0,7145929.0,12296456.0,5828525.0,3359218.0,4257387.0,4031586.0,10532042.0,8791384.0,7145929.0,12296456.0
Gugal,219679,Raichur,Devadurga,40,D,1077.0,5554.0,2746.0,2808.0,862.0,464.0,398.0,1486.0,697.0,789.0,795.0,392.0,403.0,2560.0,1575.0,985.0,2994.0,1171.0,1823.0,3086.0,1574.0,1512.0,1713.0,1029.0,684.0,522.0,430.0,92.0,1002.0,475.0,527.0,23.0,12.0,11.0,166.0,112.0,54.0,1373.0,545.0,828.0,22.0,17.0,5.0,1102.0,356.0,746.0,20.0,8.0,12.0,229.0,164.0,65.0,1294.0,513.0,781.0,20.0,16.0,4.0,1041.0,332.0,709.0,18.0,8.0,10.0,215.0,157.0,58.0,79.0,32.0,47.0,2.0,1.0,1.0,61.0,24.0,37.0,2.0,0.0,2.0,14.0,7.0,7.0,2468.0,1172.0,1296.0,7,,,,,,,,,,,,,,,,,,,,,,,,,,,,,,,2020,Karnataka,29,Raichur,546,Devadurga,5893,219679,7,7162,3786,3376,1220,0,0,0,1,5,1,4,0,2,7,0,7,0,7,0,0,0,0,0,0,7,0,0,0,7,0,0,0,0,0,0,7,0,7,0,0,0,0,7,0,0,605,0,705,1,1,7,0,0,7,5,0,0,0,0,1,0,0,0,7,0,0,0,2,5,0,0,3,2,0,0,0,0,0,4,3,0,0,0,7,0,0,3121632.0,2604658.0,4052641.0,3914812.0,8495734.0,8193020.0,7364211.0,13378872.0,2982232.0,2604658.0,4052641.0,3914812.0,7877749.0,8193020.0,7364211.0,13378872.0
Hemanal,219680,Raichur,Devadurga,35,D,1129.0,6250.0,3142.0,3108.0,936.0,485.0,451.0,2108.0,1056.0,1052.0,964.0,475.0,489.0,2778.0,1713.0,1065.0,3472.0,1429.0,2043.0,3277.0,1776.0,1501.0,2661.0,1556.0,1105.0,1277.0,857.0,420.0,1090.0,509.0,581.0,45.0,26.0,19.0,249.0,164.0,85.0,616.0,220.0,396.0,32.0,18.0,14.0,510.0,155.0,355.0,18.0,11.0,7.0,56.0,36.0,20.0,508.0,174.0,334.0,28.0,16.0,12.0,419.0,121.0,298.0,15.0,10.0,5.0,46.0,27.0,19.0,108.0,46.0,62.0,4.0,2.0,2.0,91.0,34.0,57.0,3.0,1.0,2.0,10.0,9.0,1.0,2973.0,1366.0,1607.0,9,8.0,808.0,27.0,29.93,8.0,0.0,35.0,11.0,11.0,0.0,0.0,7.0,8.0,8.0,5.0,8.0,808.0,27.0,29.93,8.0,0.0,35.0,11.0,11.0,0.0,0.0,7.0,8.0,8.0,5.0,2020,Karnataka,29,Raichur,546,Devadurga,5893,219680,9,8376,4159,4217,1602,0,0,0,0,7,2,0,0,0,7,0,1,8,5,0,1,3,0,0,0,9,0,0,9,0,0,0,1,0,0,0,9,4,3,2,0,0,0,8,1,0,852,0,595,1,1,9,0,0,8,5,0,0,0,1,1,0,0,0,9,0,0,0,1,8,0,0,1,7,0,0,0,0,0,7,2,0,0,5,3,1,0,2414131.0,1865286.0,3316298.0,5720718.0,10246485.0,10862230.0,11074710.0,23421782.0,2414131.0,1865286.0,3316298.0,5720718.0,9409149.0,10862230.0,11074710.0,23421782.0
Hirebudur,219681,Raichur,Devadurga,35,D,979.0,5153.0,2580.0,2573.0,671.0,352.0,319.0,813.0,422.0,391.0,880.0,440.0,440.0,2428.0,1492.0,936.0,2725.0,1088.0,1637.0,2780.0,1527.0,1253.0,2171.0,1381.0,790.0,1444.0,1060.0,384.0,526.0,175.0,351.0,10.0,5.0,5.0,191.0,141.0,50.0,609.0,146.0,463.0,18.0,6.0,12.0,303.0,116.0,187.0,262.0,13.0,249.0,26.0,11.0,15.0,591.0,137.0,454.0,8.0,2.0,6.0,300.0,115.0,185.0,259.0,10.0,249.0,24.0,10.0,14.0,18.0,9.0,9.0,10.0,4.0,6.0,3.0,1.0,2.0,3.0,3.0,0.0,2.0,1.0,1.0,2373.0,1053.0,1320.0,6,,,,,,,,,,,,,,,,,,,,,,,,,,,,,,,2020,Karnataka,29,Raichur,546,Devadurga,5893,219681,6,5155,2582,2573,981,1,0,0,0,1,4,0,0,1,2,0,0,6,4,0,2,0,0,1,0,5,0,3,2,1,0,0,1,0,0,0,6,0,6,0,0,0,0,6,0,0,334,0,124,1,2,5,1,0,6,6,3,0,0,0,2,0,0,1,5,0,0,1,1,4,0,0,0,0,4,1,0,0,0,1,4,0,0,2,0,4,0,2610068.0,3482153.0,5249577.0,3170912.0,13664042.0,12493051.0,12622494.0,19550196.0,2610068.0,3482153.0,5249577.0,3170912.0,7639803.0,6507806.0,6637249.0,7579706.0
Hosur Siddapur,219682,Raichur,Devadurga,35,D,769.0,5108.0,2591.0,2517.0,964.0,506.0,458.0,323.0,162.0,161.0,3425.0,1736.0,1689.0,1657.0,1052.0,605.0,3451.0,1539.0,1912.0,2563.0,1361.0,1202.0,2088.0,1176.0,912.0,637.0,523.0,114.0,1281.0,529.0,752.0,1.0,1.0,0.0,169.0,123.0,46.0,475.0,185.0,290.0,18.0,6.0,12.0,420.0,157.0,263.0,1.0,1.0,0.0,36.0,21.0,15.0,462.0,179.0,283.0,18.0,6.0,12.0,412.0,153.0,259.0,1.0,1.0,0.0,31.0,19.0,12.0,13.0,6.0,7.0,0.0,0.0,0.0,8.0,4.0,4.0,0.0,0.0,0.0,5.0,2.0,3.0,2545.0,1230.0,1315.0,5,,,,,,,,,,,,,,,,,,,,,,,,,,,,,,,2020,Karnataka,29,Raichur,546,Devadurga,5893,219682,5,6688,3440,3248,893,0,1,0,0,4,0,1,1,1,4,0,0,5,1,0,4,0,0,0,0,5,0,1,4,0,0,2,0,1,0,1,3,0,0,5,0,0,0,4,1,0,660,0,167,1,2,5,0,0,5,3,1,1,1,0,2,0,5,0,0,0,1,1,0,3,0,0,0,3,0,0,0,0,0,5,0,0,0,0,5,0,0,4706948.0,1915158.0,4713365.0,4034130.0,13129292.0,11208463.0,10838455.0,16896010.0,3978138.0,1915158.0,4713365.0,4034130.0,12322408.0,11208463.0,10838455.0,16896010.0
Jagirajadaladinni,219683,Raichur,Devadurga,35,D,890.0,4604.0,2271.0,2333.0,772.0,403.0,369.0,1369.0,678.0,691.0,1748.0,842.0,906.0,1859.0,1177.0,682.0,2745.0,1094.0,1651.0,2671.0,1354.0,1317.0,2219.0,1207.0,1012.0,333.0,309.0,24.0,1694.0,748.0,946.0,2.0,2.0,0.0,190.0,148.0,42.0,452.0,147.0,305.0,36.0,22.0,14.0,389.0,106.0,283.0,1.0,1.0,0.0,26.0,18.0,8.0,375.0,120.0,255.0,30.0,20.0,10.0,327.0,86.0,241.0,1.0,1.0,0.0,17.0,13.0,4.0,77.0,27.0,50.0,6.0,2.0,4.0,62.0,20.0,42.0,0.0,0.0,0.0,9.0,5.0,4.0,1933.0,917.0,1016.0,6,,,,,,,,,,,,,,,,,,,,,,,,,,,,,,,2020,Karnataka,29,Raichur,546,Devadurga,5893,219683,7,10726,5077,5649,2538,0,0,0,1,6,0,0,0,0,7,0,0,7,1,0,5,1,0,0,6,1,0,0,2,4,1,1,2,0,0,1,6,0,0,6,0,1,0,4,2,1,168,0,391,1,1,2,5,0,6,3,1,0,0,1,1,0,0,1,6,0,0,1,0,6,0,0,3,3,0,0,0,0,0,2,5,0,0,0,4,3,0,3945985.0,3242881.0,3667515.0,2355692.0,6455436.0,5870976.0,4371043.0,7647638.0,3945985.0,3242881.0,3667515.0,2355692.0,6076892.0,5870976.0,4371043.0,7647638.0
Jalahalli,219684,Raichur,Devadurga,35,D,2214.0,13063.0,6591.0,6472.0,2014.0,1026.0,988.0,2068.0,1005.0,1063.0,3706.0,1855.0,1851.0,6429.0,3825.0,2604.0,6634.0,2766.0,3868.0,5560.0,3422.0,2138.0,3765.0,2572.0,1193.0,864.0,650.0,214.0,1093.0,564.0,529.0,311.0,233.0,78.0,1497.0,1125.0,372.0,1795.0,850.0,945.0,40.0,23.0,17.0,1200.0,531.0,669.0,26.0,12.0,14.0,529.0,284.0,245.0,1743.0,826.0,917.0,40.0,23.0,17.0,1166.0,519.0,647.0,22.0,11.0,11.0,515.0,273.0,242.0,52.0,24.0,28.0,0.0,0.0,0.0,34.0,12.0,22.0,4.0,1.0,3.0,14.0,11.0,3.0,7503.0,3169.0,4334.0,4,,,,,,,,,,,,,,,,,,,,,,,,,,,,,,,2020,Karnataka,29,Raichur,546,Devadurga,5893,219684,4,22735,11535,11200,5576,0,4,0,0,0,0,0,0,0,0,0,0,4,0,0,0,4,0,0,0,4,0,0,0,0,4,0,0,0,0,0,4,0,0,0,0,4,0,0,0,4,151,0,1,0,0,4,0,0,1,1,1,1,1,3,0,0,0,0,4,0,0,0,0,4,4,0,0,0,0,0,3,0,0,1,0,0,0,0,0,4,0,1260000.0,7093299.0,9566873.0,9574196.0,11490138.0,16847630.0,13288845.0,21471630.0,1260000.0,7093299.0,9566873.0,9574196.0,11452939.0,16847630.0,13288845.0,21471630.0
Jeerabandi,219685,Raichur,Devadurga,35,D,1190.0,6577.0,3229.0,3348.0,930.0,447.0,483.0,1792.0,873.0,919.0,1273.0,626.0,647.0,3084.0,1844.0,1240.0,3493.0,1385.0,2108.0,3582.0,1901.0,1681.0,2985.0,1680.0,1305.0,1337.0,949.0,388.0,1429.0,569.0,860.0,5.0,4.0,1.0,214.0,158.0,56.0,597.0,221.0,376.0,106.0,33.0,73.0,436.0,149.0,287.0,1.0,1.0,0.0,54.0,38.0,16.0,574.0,214.0,360.0,95.0,30.0,65.0,427.0,147.0,280.0,1.0,1.0,0.0,51.0,36.0,15.0,23.0,7.0,16.0,11.0,3.0,8.0,9.0,2.0,7.0,0.0,0.0,0.0,3.0,2.0,1.0,2995.0,1328.0,1667.0,9,,,,,,,,,,,,,,,,,,,,,,,,,,,,,,,2020,Karnataka,29,Raichur,546,Devadurga,5893,219685,9,13995,6839,7156,1607,0,0,0,0,7,2,0,0,1,8,8,1,0,4,0,4,1,0,2,0,7,0,0,8,1,0,2,3,0,0,0,9,0,8,0,0,1,0,9,0,0,815,0,210,0,2,8,1,0,8,2,0,0,0,1,2,0,2,1,6,1,0,0,0,9,0,0,0,8,1,0,0,0,0,7,2,0,0,8,0,1,1,6866907.0,3450187.0,5407167.0,6677288.0,17821216.0,13904885.0,14987831.0,21666914.0,5484820.0,3450187.0,5407167.0,6677288.0,15073046.0,13904885.0,14987831.0,21666914.0
K.Irabgera,219686,Raichur,Devadurga,35,D,1844.0,11986.0,6100.0,5886.0,2394.0,1239.0,1155.0,5834.0,2978.0,2856.0,4994.0,2520.0,2474.0,2999.0,1914.0,1085.0,8987.0,4186.0,4801.0,6325.0,3306.0,3019.0,5118.0,2983.0,2135.0,3162.0,2124.0,1038.0,1670.0,685.0,985.0,20.0,8.0,12.0,266.0,166.0,100.0,1207.0,323.0,884.0,221.0,30.0,191.0,914.0,254.0,660.0,5.0,3.0,2.0,67.0,36.0,31.0,1104.0,272.0,832.0,218.0,29.0,189.0,819.0,208.0,611.0,5.0,3.0,2.0,62.0,32.0,30.0,103.0,51.0,52.0,3.0,1.0,2.0,95.0,46.0,49.0,0.0,0.0,0.0,5.0,4.0,1.0,5661.0,2794.0,2867.0,6,,,,,,,,,,,,,,,,,,,,,,,,,,,,,,,2020,Karnataka,29,Raichur,546,Devadurga,5893,219686,6,10677,5741,4936,8908,3,0,0,0,2,1,4,4,3,6,0,6,0,6,0,0,0,0,4,0,2,0,3,3,0,0,4,2,2,0,1,3,0,5,1,0,0,0,6,0,0,32,3,247,5,2,4,2,0,6,6,4,3,0,0,4,3,0,0,3,3,6,0,0,0,0,0,0,0,0,4,0,1,0,0,1,2,3,0,1,0,6,7803814.0,3454299.0,9102001.0,8036756.0,15932911.0,13679060.0,14621260.0,27769390.0,6296175.0,3454299.0,9102001.0,8036756.0,14161044.0,13679060.0,14621260.0,27769390.0
Karadigudda,219687,Raichur,Devadurga,35,D,789.0,4993.0,2554.0,2439.0,890.0,495.0,395.0,845.0,432.0,413.0,1305.0,673.0,632.0,2303.0,1461.0,842.0,2690.0,1093.0,1597.0,2687.0,1396.0,1291.0,1894.0,1167.0,727.0,873.0,653.0,220.0,829.0,371.0,458.0,10.0,5.0,5.0,182.0,138.0,44.0,793.0,229.0,564.0,26.0,16.0,10.0,706.0,183.0,523.0,11.0,4.0,7.0,50.0,26.0,24.0,776.0,223.0,553.0,22.0,14.0,8.0,697.0,181.0,516.0,9.0,3.0,6.0,48.0,25.0,23.0,17.0,6.0,11.0,4.0,2.0,2.0,9.0,2.0,7.0,2.0,1.0,1.0,2.0,1.0,1.0,2306.0,1158.0,1148.0,6,,,,,,,,,,,,,,,,,,,,,,,,,,,,,,,2020,Karnataka,29,Raichur,546,Devadurga,5893,219687,6,7817,4501,3316,1475,0,0,0,1,4,1,0,0,0,6,0,6,0,4,0,2,0,1,1,0,5,0,0,0,6,0,1,3,0,0,0,6,0,6,0,0,0,0,6,0,0,1368,0,93,1,1,2,3,1,6,5,2,0,0,0,1,0,6,0,0,0,0,0,2,4,0,0,2,1,1,0,0,0,2,3,1,0,0,6,0,0,3,3182911.0,2913171.0,3096921.0,4644208.0,8784102.0,8548977.0,7800548.0,14120390.0,2868866.0,2913171.0,3096921.0,4644208.0,8207795.0,8548977.0,7800548.0,14120390.0
Karigudda,219688,Raichur,Devadurga,35,D,1682.0,9662.0,4736.0,4926.0,1737.0,860.0,877.0,1962.0,957.0,1005.0,5253.0,2595.0,2658.0,3158.0,2000.0,1158.0,6504.0,2736.0,3768.0,4829.0,2617.0,2212.0,3949.0,2390.0,1559.0,2157.0,1589.0,568.0,1616.0,677.0,939.0,7.0,5.0,2.0,169.0,119.0,50.0,880.0,227.0,653.0,34.0,21.0,13.0,796.0,176.0,620.0,2.0,1.0,1.0,48.0,29.0,19.0,852.0,218.0,634.0,33.0,20.0,13.0,780.0,174.0,606.0,1.0,1.0,0.0,38.0,23.0,15.0,28.0,9.0,19.0,1.0,1.0,0.0,16.0,2.0,14.0,1.0,0.0,1.0,10.0,6.0,4.0,4833.0,2119.0,2714.0,5,,,,,,,,,,,,,,,,,,,,,,,,,,,,,,,2020,Karnataka,29,Raichur,546,Devadurga,5893,219688,5,10314,5002,5312,1724,0,0,0,0,5,0,0,0,0,5,1,4,0,4,0,1,0,0,0,0,5,0,0,5,0,0,1,0,0,0,0,5,3,2,0,0,0,0,5,0,0,1190,0,650,0,5,0,5,0,5,4,0,0,0,0,2,0,0,0,5,0,5,0,0,0,0,0,0,0,0,0,0,0,0,5,0,0,0,5,0,0,0,9744564.0,1564460.0,6568149.0,8624944.0,20872841.0,9464062.0,10694765.0,18888834.0,9744564.0,1564460.0,6568149.0,8624944.0,13703154.0,9199702.0,10430405.0,18360114.0
Koppar,219689,Raichur,Devadurga,35,D,1358.0,8142.0,4154.0,3988.0,1314.0,672.0,642.0,1516.0,777.0,739.0,2530.0,1272.0,1258.0,3671.0,2236.0,1435.0,4471.0,1918.0,2553.0,4005.0,2213.0,1792.0,3176.0,1948.0,1228.0,1261.0,938.0,323.0,1506.0,697.0,809.0,49.0,41.0,8.0,360.0,272.0,88.0,829.0,265.0,564.0,167.0,69.0,98.0,539.0,155.0,384.0,34.0,5.0,29.0,89.0,36.0,53.0,730.0,236.0,494.0,137.0,63.0,74.0,483.0,135.0,348.0,30.0,3.0,27.0,80.0,35.0,45.0,99.0,29.0,70.0,30.0,6.0,24.0,56.0,20.0,36.0,4.0,2.0,2.0,9.0,1.0,8.0,4137.0,1941.0,2196.0,7,,,,,,,,,,,,,,,,,,,,,,,,,,,,,,,2020,Karnataka,29,Raichur,546,Devadurga,5893,219689,7,9155,4704,4451,1747,1,0,0,6,0,0,2,0,2,1,0,6,1,4,0,3,0,0,2,0,5,0,0,1,6,0,0,1,0,0,0,7,0,7,0,0,0,0,4,3,0,726,0,773,1,2,2,5,0,7,5,1,2,0,0,1,0,6,0,1,0,0,1,3,3,1,1,1,0,0,0,0,1,0,0,6,0,1,6,0,0,0,5473904.0,3725202.0,10409565.0,3802350.0,15641829.0,11462535.0,10410962.0,8641790.0,3896362.0,3725202.0,10409565.0,3802350.0,10352694.0,11462535.0,10410962.0,8641790.0
Kothadoddi,219690,Raichur,Devadurga,35,D,1652.0,10979.0,5423.0,5556.0,1877.0,937.0,940.0,1767.0,891.0,876.0,5451.0,2672.0,2779.0,3466.0,2156.0,1310.0,7513.0,3267.0,4246.0,5926.0,3035.0,2891.0,4903.0,2737.0,2166.0,1885.0,1357.0,528.0,2248.0,969.0,1279.0,43.0,32.0,11.0,727.0,379.0,348.0,1023.0,298.0,725.0,67.0,41.0,26.0,895.0,221.0,674.0,7.0,6.0,1.0,54.0,30.0,24.0,970.0,270.0,700.0,41.0,26.0,15.0,891.0,220.0,671.0,5.0,5.0,0.0,33.0,19.0,14.0,53.0,28.0,25.0,26.0,15.0,11.0,4.0,1.0,3.0,2.0,1.0,1.0,21.0,11.0,10.0,5053.0,2388.0,2665.0,10,,,,,,,,,,,,,,,,,,,,,,,,,,,,,,,2020,Karnataka,29,Raichur,546,Devadurga,5893,219690,10,10824,4148,6676,2132,0,0,0,1,3,6,0,0,0,4,1,9,0,5,0,4,1,0,0,0,10,0,9,0,1,0,1,3,1,0,0,9,3,5,1,0,1,0,9,0,1,595,0,774,2,1,8,2,0,9,3,2,1,0,1,0,0,0,0,10,0,0,2,0,8,0,0,0,5,3,1,0,1,0,0,8,0,0,0,6,4,1,7721695.0,3417821.0,6922616.0,5809460.0,15508627.0,13087589.0,12524463.0,22927180.0,7721695.0,3417821.0,6922616.0,5809460.0,12055017.0,9688719.0,9125593.0,16129440.0
Kyadigera,219691,Raichur,Devadurga,35,D,1175.0,6496.0,3237.0,3259.0,1139.0,566.0,573.0,3570.0,1804.0,1766.0,2440.0,1198.0,1242.0,2071.0,1252.0,819.0,4425.0,1985.0,2440.0,3476.0,1814.0,1662.0,2433.0,1422.0,1011.0,1373.0,954.0,419.0,815.0,301.0,514.0,17.0,9.0,8.0,228.0,158.0,70.0,1043.0,392.0,651.0,20.0,11.0,9.0,986.0,354.0,632.0,6.0,4.0,2.0,31.0,23.0,8.0,998.0,373.0,625.0,19.0,11.0,8.0,945.0,337.0,608.0,4.0,3.0,1.0,30.0,22.0,8.0,45.0,19.0,26.0,1.0,0.0,1.0,41.0,17.0,24.0,2.0,1.0,1.0,1.0,1.0,0.0,3020.0,1423.0,1597.0,1,,,,,,,,,,,,,,,,,,,,,,,,,,,,,,,2020,Karnataka,29,Raichur,546,Devadurga,5893,219691,1,8650,4405,4245,1335,1,0,0,0,0,0,1,0,1,1,0,0,1,0,0,1,0,0,0,0,1,0,0,1,0,0,0,1,0,0,0,1,0,0,1,0,0,0,1,0,0,900,0,108,1,1,0,1,0,1,1,0,0,0,0,1,0,1,0,0,0,0,0,1,0,0,0,0,0,0,1,0,0,0,0,0,0,1,0,0,0,0,6059281.0,3680272.0,4343444.0,4183714.0,15680424.0,12467574.0,11476169.0,21673686.0,6059281.0,3680272.0,4343444.0,4183714.0,15640433.0,12467574.0,11476169.0,21673686.0
Maladakal,219692,Raichur,Devadurga,30,D,1650.0,8961.0,4435.0,4526.0,1383.0,705.0,678.0,1558.0,761.0,797.0,1962.0,954.0,1008.0,3688.0,2336.0,1352.0,5273.0,2099.0,3174.0,4134.0,2456.0,1678.0,3784.0,2292.0,1492.0,2164.0,1522.0,642.0,1451.0,658.0,793.0,24.0,16.0,8.0,145.0,96.0,49.0,350.0,164.0,186.0,27.0,21.0,6.0,289.0,119.0,170.0,15.0,8.0,7.0,19.0,16.0,3.0,333.0,155.0,178.0,26.0,20.0,6.0,279.0,116.0,163.0,11.0,5.0,6.0,17.0,14.0,3.0,17.0,9.0,8.0,1.0,1.0,0.0,10.0,3.0,7.0,4.0,3.0,1.0,2.0,2.0,0.0,4827.0,1979.0,2848.0,6,2.0,430.0,14.0,30.71,2.0,0.0,15.0,3.0,3.0,0.0,0.0,2.0,2.0,2.0,2.0,2.0,430.0,14.0,30.71,2.0,0.0,15.0,3.0,3.0,0.0,0.0,2.0,2.0,2.0,2.0,2020,Karnataka,29,Raichur,546,Devadurga,5893,219692,6,11710,5860,5850,2157,1,0,0,0,3,2,0,0,0,5,0,2,4,2,0,0,4,0,0,1,5,0,2,3,0,1,0,0,0,0,0,6,1,3,2,0,0,0,4,2,0,1643,2,1414,5,1,6,0,0,5,5,2,0,0,1,1,0,1,0,5,0,0,3,0,3,0,0,2,1,0,1,0,0,0,1,4,0,0,0,0,6,3,3280250.0,5765628.0,5790153.0,4002496.0,13725394.0,12992139.0,10507153.0,16578990.0,3280250.0,5765628.0,5790153.0,4002496.0,9674388.0,12992139.0,10507153.0,16578990.0
Malledevaragudda,273067,Raichur,Devadurga,35,D,989.0,5342.0,2679.0,2663.0,899.0,452.0,447.0,1548.0,784.0,764.0,2638.0,1321.0,1317.0,1937.0,1284.0,653.0,3405.0,1395.0,2010.0,2921.0,1462.0,1459.0,2419.0,1253.0,1166.0,1086.0,633.0,453.0,1009.0,406.0,603.0,11.0,5.0,6.0,313.0,209.0,104.0,502.0,209.0,293.0,28.0,15.0,13.0,419.0,157.0,262.0,6.0,1.0,5.0,49.0,36.0,13.0,413.0,172.0,241.0,25.0,14.0,11.0,341.0,126.0,215.0,4.0,0.0,4.0,43.0,32.0,11.0,89.0,37.0,52.0,3.0,1.0,2.0,78.0,31.0,47.0,2.0,1.0,1.0,6.0,4.0,2.0,2421.0,1217.0,1204.0,5,,,,,,,,,,,,,,,,,,,,,,,,,,,,,,,2020,Karnataka,29,Raichur,546,Devadurga,5893,273067,5,11369,6088,5281,1758,0,0,0,4,1,0,0,0,1,5,1,4,0,2,0,2,1,0,1,0,4,3,0,2,0,0,2,0,0,0,0,5,0,4,0,0,1,0,4,0,1,680,5,618,0,1,1,0,4,5,3,1,1,0,0,1,0,0,1,4,0,0,0,0,5,0,1,1,3,0,1,0,0,1,3,0,0,1,2,1,1,2,3780055.0,1725118.0,3236091.0,4397388.0,11360141.0,9956845.0,11288879.0,22213454.0,3598535.0,1725118.0,3236091.0,4397388.0,8978398.0,7756845.0,9088879.0,17813454.0
Masarkal,219693,Raichur,Devadurga,35,D,1606.0,9419.0,4619.0,4800.0,1414.0,701.0,713.0,2186.0,1052.0,1134.0,1647.0,792.0,855.0,4425.0,2592.0,1833.0,4994.0,2027.0,2967.0,4013.0,2331.0,1682.0,3630.0,2164.0,1466.0,1182.0,803.0,379.0,1825.0,891.0,934.0,39.0,27.0,12.0,584.0,443.0,141.0,383.0,167.0,216.0,39.0,23.0,16.0,305.0,121.0,184.0,7.0,2.0,5.0,32.0,21.0,11.0,370.0,161.0,209.0,37.0,21.0,16.0,301.0,120.0,181.0,5.0,2.0,3.0,27.0,18.0,9.0,13.0,6.0,7.0,2.0,2.0,0.0,4.0,1.0,3.0,2.0,0.0,2.0,5.0,3.0,2.0,5406.0,2288.0,3118.0,5,,,,,,,,,,,,,,,,,,,,,,,,,,,,,,,2020,Karnataka,29,Raichur,546,Devadurga,5893,219693,5,9429,4624,4805,1608,1,0,0,2,1,1,1,1,1,4,1,0,4,2,0,2,1,1,2,0,3,0,2,1,1,1,4,4,0,1,3,1,0,4,0,0,1,0,1,3,1,870,1,517,1,2,4,1,0,4,3,1,1,0,1,1,0,0,1,4,0,0,1,2,2,0,0,1,1,0,4,0,0,0,0,1,0,0,1,3,1,3,5386454.0,2691066.0,5530340.0,12945232.0,11391786.0,11242871.0,14033083.0,20035200.0,5386454.0,2691066.0,5530340.0,12945232.0,11391786.0,11242871.0,14033083.0,20035200.0
Mundaragi,219694,Raichur,Devadurga,35,D,1084.0,6040.0,3002.0,3038.0,1011.0,507.0,504.0,1012.0,502.0,510.0,2716.0,1362.0,1354.0,2306.0,1480.0,826.0,3734.0,1522.0,2212.0,3441.0,1740.0,1701.0,1894.0,1282.0,612.0,1307.0,979.0,328.0,310.0,103.0,207.0,44.0,34.0,10.0,233.0,166.0,67.0,1547.0,458.0,1089.0,39.0,15.0,24.0,1353.0,359.0,994.0,11.0,2.0,9.0,144.0,82.0,62.0,1270.0,367.0,903.0,30.0,11.0,19.0,1099.0,283.0,816.0,10.0,2.0,8.0,131.0,71.0,60.0,277.0,91.0,186.0,9.0,4.0,5.0,254.0,76.0,178.0,1.0,0.0,1.0,13.0,11.0,2.0,2599.0,1262.0,1337.0,5,,,,,,,,,,,,,,,,,,,,,,,,,,,,,,,2020,Karnataka,29,Raichur,546,Devadurga,5893,219694,5,4468,2160,2308,888,0,0,0,0,5,0,1,0,2,5,0,4,1,5,0,0,0,0,0,0,5,0,0,5,0,0,5,0,0,0,1,4,0,5,0,0,0,0,0,5,0,443,0,138,0,0,5,0,0,5,3,1,0,0,0,1,0,0,0,5,0,0,0,2,3,0,0,1,2,0,0,0,0,1,4,0,0,1,2,2,0,1,4256946.0,2446550.0,4680779.0,3295108.0,8966736.0,7214161.0,7367960.0,11063668.0,3342455.0,2446550.0,4680779.0,3295108.0,7776157.0,7214161.0,7367960.0,11063668.0
Mustur,219695,Raichur,Devadurga,35,D,1776.0,9997.0,5001.0,4996.0,1597.0,830.0,767.0,2337.0,1158.0,1179.0,3769.0,1882.0,1887.0,3852.0,2405.0,1447.0,6145.0,2596.0,3549.0,5395.0,2808.0,2587.0,4595.0,2588.0,2007.0,1608.0,1228.0,380.0,2398.0,976.0,1422.0,22.0,17.0,5.0,567.0,367.0,200.0,800.0,220.0,580.0,61.0,39.0,22.0,681.0,138.0,543.0,5.0,3.0,2.0,53.0,40.0,13.0,622.0,158.0,464.0,55.0,38.0,17.0,531.0,95.0,436.0,4.0,2.0,2.0,32.0,23.0,9.0,178.0,62.0,116.0,6.0,1.0,5.0,150.0,43.0,107.0,1.0,1.0,0.0,21.0,17.0,4.0,4602.0,2193.0,2409.0,10,,,,,,,,,,,,,,,,,,,,,,,,,,,,,,,2020,Karnataka,29,Raichur,546,Devadurga,5893,219695,10,9669,4839,4830,1720,0,0,0,0,10,0,0,0,1,7,0,10,0,5,0,5,0,0,0,0,10,0,0,0,10,0,1,0,0,0,0,10,0,9,0,0,1,0,8,0,2,658,0,1073,2,1,2,8,0,10,3,2,0,0,0,1,0,0,0,10,0,0,0,1,9,0,0,5,4,0,0,0,0,0,9,1,0,0,0,10,0,0,6045585.0,3720400.0,6266873.0,9452320.0,14918279.0,13014044.0,15171317.0,29204100.0,6045585.0,3720400.0,6266873.0,9452320.0,11627691.0,9818044.0,11975317.0,22812100.0
Nagadadinni,219696,Raichur,Devadurga,35,D,1415.0,7892.0,3886.0,4006.0,1229.0,599.0,630.0,1681.0,836.0,845.0,1487.0,715.0,772.0,3605.0,2224.0,1381.0,4287.0,1662.0,2625.0,3817.0,2089.0,1728.0,2514.0,1569.0,945.0,945.0,808.0,137.0,1261.0,540.0,721.0,38.0,20.0,18.0,270.0,201.0,69.0,1303.0,520.0,783.0,32.0,11.0,21.0,1132.0,441.0,691.0,25.0,12.0,13.0,114.0,56.0,58.0,1295.0,516.0,779.0,32.0,11.0,21.0,1131.0,440.0,691.0,24.0,12.0,12.0,108.0,53.0,55.0,8.0,4.0,4.0,0.0,0.0,0.0,1.0,1.0,0.0,1.0,0.0,1.0,6.0,3.0,3.0,4075.0,1797.0,2278.0,6,,,,,,,,,,,,,,,,,,,,,,,,,,,,,,,2020,Karnataka,29,Raichur,546,Devadurga,5893,219696,6,8457,4480,3977,2925,0,0,0,0,5,1,0,0,1,5,0,5,1,1,1,3,1,0,0,1,5,0,0,3,3,0,0,1,0,0,0,6,0,3,2,0,1,0,1,0,5,752,0,1278,2,0,4,1,1,5,4,1,0,0,1,3,0,0,0,6,0,0,1,0,5,0,0,3,0,2,1,0,0,0,4,1,0,0,3,3,0,0,6765275.0,1690214.0,3663033.0,7914120.0,18571113.0,15704483.0,16231703.0,34104646.0,6765275.0,1690214.0,3663033.0,7914120.0,18327914.0,15704483.0,16231703.0,34104646.0
Palakanamardi,219697,Raichur,Devadurga,35,D,1467.0,8958.0,4499.0,4459.0,1440.0,741.0,699.0,1792.0,899.0,893.0,3212.0,1614.0,1598.0,3355.0,2114.0,1241.0,5603.0,2385.0,3218.0,4592.0,2563.0,2029.0,4320.0,2420.0,1900.0,2429.0,1637.0,792.0,1606.0,542.0,1064.0,10.0,9.0,1.0,275.0,232.0,43.0,272.0,143.0,129.0,20.0,11.0,9.0,198.0,99.0,99.0,10.0,2.0,8.0,44.0,31.0,13.0,179.0,98.0,81.0,16.0,9.0,7.0,115.0,59.0,56.0,7.0,2.0,5.0,41.0,28.0,13.0,93.0,45.0,48.0,4.0,2.0,2.0,83.0,40.0,43.0,3.0,0.0,3.0,3.0,3.0,0.0,4366.0,1936.0,2430.0,6,,,,,,,,,,,,,,,,,,,,,,,,,,,,,,,2020,Karnataka,29,Raichur,546,Devadurga,5893,219697,6,6439,3298,3141,6439,0,0,0,2,3,1,0,0,0,0,0,0,6,5,1,0,0,0,0,0,6,0,6,0,0,0,0,0,0,0,0,6,1,0,4,0,1,0,1,0,5,25,0,174,1,1,6,0,0,6,2,2,0,0,0,1,0,0,0,6,0,1,0,0,5,0,0,0,4,1,0,0,0,1,3,2,0,1,0,0,5,0,7487847.0,1625880.0,7057956.0,5695646.0,15558048.0,12843691.0,13820074.0,21348672.0,6936717.0,1625880.0,7057956.0,5695646.0,14906948.0,12843691.0,13820074.0,21348672.0
Ramadurga,219698,Raichur,Devadurga,35,D,1447.0,7718.0,3795.0,3923.0,1092.0,553.0,539.0,1497.0,760.0,737.0,1030.0,494.0,536.0,3538.0,2070.0,1468.0,4180.0,1725.0,2455.0,4223.0,2249.0,1974.0,3865.0,2085.0,1780.0,605.0,452.0,153.0,2747.0,1241.0,1506.0,50.0,30.0,20.0,463.0,362.0,101.0,358.0,164.0,194.0,13.0,10.0,3.0,97.0,32.0,65.0,12.0,6.0,6.0,236.0,116.0,120.0,168.0,68.0,100.0,12.0,9.0,3.0,80.0,23.0,57.0,8.0,3.0,5.0,68.0,33.0,35.0,190.0,96.0,94.0,1.0,1.0,0.0,17.0,9.0,8.0,4.0,3.0,1.0,168.0,83.0,85.0,3495.0,1546.0,1949.0,10,,,,,,,,,,,,,,,,,,,,,,,,,,,,,,,2020,Karnataka,29,Raichur,546,Devadurga,5893,219698,10,8301,4283,4018,1468,5,0,0,1,3,1,3,1,2,4,1,1,8,2,0,2,6,1,0,0,10,0,0,3,4,3,1,3,0,0,0,10,0,1,0,0,9,0,0,2,8,405,3,303,2,2,5,0,5,5,2,1,1,1,5,2,0,1,0,9,2,0,0,0,10,0,0,2,6,2,1,0,0,1,3,5,0,0,0,0,10,2,3635247.0,3678850.0,4582999.0,15506220.0,13377566.0,14361273.0,13291339.0,28111000.0,3188279.0,3678850.0,4582999.0,15506220.0,12600444.0,14361273.0,13291339.0,28111000.0
Shavantagera,273068,Raichur,Devadurga,35,D,998.0,5462.0,2688.0,2774.0,876.0,436.0,440.0,986.0,483.0,503.0,1645.0,818.0,827.0,2358.0,1422.0,936.0,3104.0,1266.0,1838.0,2764.0,1497.0,1267.0,2053.0,1240.0,813.0,1100.0,752.0,348.0,816.0,394.0,422.0,24.0,20.0,4.0,113.0,74.0,39.0,711.0,257.0,454.0,9.0,4.0,5.0,670.0,234.0,436.0,3.0,1.0,2.0,29.0,18.0,11.0,654.0,232.0,422.0,9.0,4.0,5.0,617.0,212.0,405.0,3.0,1.0,2.0,25.0,15.0,10.0,57.0,25.0,32.0,0.0,0.0,0.0,53.0,22.0,31.0,0.0,0.0,0.0,4.0,3.0,1.0,2698.0,1191.0,1507.0,5,2.0,365.0,15.0,24.33,2.0,0.0,10.0,4.0,4.0,2.0,0.0,2.0,2.0,2.0,1.0,2.0,365.0,15.0,24.33,2.0,0.0,10.0,4.0,4.0,2.0,0.0,2.0,2.0,2.0,1.0,2020,Karnataka,29,Raichur,546,Devadurga,5893,273068,5,4460,2420,2040,1575,0,0,0,0,4,1,1,0,1,1,0,5,0,5,0,0,0,0,0,0,5,0,0,5,0,0,2,1,0,0,0,5,0,4,1,0,0,0,1,1,3,970,0,415,1,1,5,0,0,5,4,2,0,0,0,0,0,0,1,4,0,0,0,1,4,0,0,0,1,3,0,0,0,0,2,3,0,0,0,5,0,0,3474035.0,2307593.0,4508046.0,4454800.0,6622696.0,6759207.0,6140563.0,8343232.0,3250505.0,2307593.0,4508046.0,4454800.0,5905342.0,6759207.0,6140563.0,8343232.0
Somanamaradi,273069,Raichur,Devadurga,35,D,958.0,5575.0,2770.0,2805.0,935.0,495.0,440.0,1117.0,560.0,557.0,2969.0,1462.0,1507.0,1987.0,1203.0,784.0,3588.0,1567.0,2021.0,3165.0,1582.0,1583.0,2837.0,1529.0,1308.0,1101.0,781.0,320.0,1603.0,653.0,950.0,13.0,11.0,2.0,120.0,84.0,36.0,328.0,53.0,275.0,18.0,7.0,11.0,288.0,36.0,252.0,4.0,2.0,2.0,18.0,8.0,10.0,320.0,49.0,271.0,18.0,7.0,11.0,284.0,35.0,249.0,2.0,0.0,2.0,16.0,7.0,9.0,8.0,4.0,4.0,0.0,0.0,0.0,4.0,1.0,3.0,2.0,2.0,0.0,2.0,1.0,1.0,2410.0,1188.0,1222.0,4,,,,,,,,,,,,,,,,,,,,,,,,,,,,,,,2020,Karnataka,29,Raichur,546,Devadurga,5893,273069,4,5625,2798,2827,988,0,0,0,3,1,0,1,0,0,4,0,1,3,4,0,0,0,0,0,0,4,0,0,0,4,0,0,3,0,0,0,4,4,0,0,0,0,0,0,4,0,555,0,352,0,2,0,0,4,3,3,1,0,0,1,0,0,0,0,4,0,0,0,0,4,0,0,3,1,0,0,0,0,3,1,0,0,0,0,4,0,0,6507932.0,2621439.0,3420797.0,2569780.0,11726216.0,6900600.0,7324645.0,12552784.0,5778132.0,2621439.0,3420797.0,2569780.0,10565350.0,6900600.0,7324645.0,12552784.0
