gp_name,sector,sector_need_score,n_indicators_in_sector
Alkod,education,0.7001578824841364,3
Amarapur,education,0.11054609443431515,3
Arkera,education,0.09233930505278724,3
B.Ganekal,education,0.08735242456560244,3
Bhumanagunda,education,0.12578019949093303,3
Chinchodi,education,0.0880739996651603,3
Dondambli,education,0.1903358212199068,3
Gabbur,education,0.012638568378088185,3
Galaga,education,0.08968654927546302,3
Ganadhal (Deodurga),education,0.07468823023686157,3
Gugal,education,0.04819593580993991,3
Hemanal,education,0.17107048274008052,3
Hirebudur,education,0.017876418778634037,3
Hosur Siddapur,education,0.12559301983388943,3
Jagirajadaladinni,education,0.2381863527278908,3
Jalahalli,education,0.8740023843901905,3
Jeerabandi,education,0.1546485687328115,3
K.Irabgera,education,0.15978943431431974,3
Karadigudda,education,0.07323608697173561,3
Karigudda,education,0.11510086142699348,3
Koppar,education,0.05794632061264705,3
Kothadoddi,education,0.22032673701098227,3
Kyadigera,education,0.11266445540974086,3
Maladakal,education,0.24785254730703155,3
Malledevaragudda,education,0.09187895748957094,3
Masarkal,education,0.2630065413597404,3
Mundaragi,education,0.0851522088396981,3
Mustur,education,0.07576881745314792,3
Nagadadinni,education,0.23584180556126524,3
Palakanamardi,education,0.08008927395871632,3
Ramadurga,education,0.5915015838154783,3
Shavantagera,education,0.06258217140760171,3
Somanamaradi,education,0.37185643229945986,3
Alkod,electricity_infra,0.08333333333333334,1
Amarapur,electricity_infra,0.29166666666666674,1
Arkera,electricity_infra,0.16666666666666666,1
B.Ganekal,electricity_infra,0.0,1
Bhumanagunda,electricity_infra,0.33333333333333337,1
Chinchodi,electricity_infra,0.6222222222222222,1
Dondambli,electricity_infra,0.654320987654321,1
Gabbur,electricity_infra,0.0,1
Galaga,electricity_infra,0.0,1
Ganadhal (Deodurga),electricity_infra,0.6666666666666666,1
Gugal,electricity_infra,0.0,1
Hemanal,electricity_infra,0.33333333333333337,1
Hirebudur,electricity_infra,0.44444444444444425,1
Hosur Siddapur,electricity_infra,0.3999999999999999,1
Jagirajadaladinni,electricity_infra,0.23809523809523817,1
Jalahalli,electricity_infra,1.0,1
Jeerabandi,electricity_infra,0.29629629629629634,1
K.Irabgera,electricity_infra,0.4999999999999999,1
Karadigudda,electricity_infra,1.5419764230904953e-17,1
Karigudda,electricity_infra,0.33333333333333337,1
Koppar,electricity_infra,0.0476190476190476,1
Kothadoddi,electricity_infra,0.5999999999999999,1
Kyadigera,electricity_infra,0.33333333333333337,1
Maladakal,electricity_infra,0.5555555555555556,1
Malledevaragudda,electricity_infra,0.6666666666666666,1
Masarkal,electricity_infra,0.5333333333333333,1
Mundaragi,electricity_infra,0.33333333333333337,1
Mustur,electricity_infra,0.0,1
Nagadadinni,electricity_infra,0.1666666666666667,1
Palakanamardi,electricity_infra,0.6666666666666665,1
Ramadurga,electricity_infra,0.4000000000000001,1
Shavantagera,electricity_infra,0.33333333333333337,1
Somanamaradi,electricity_infra,0.0,1
Alkod,health,0.75,1
Amarapur,health,1.0,1
Arkera,health,0.5,1
B.Ganekal,health,0.8,1
Bhumanagunda,health,1.0,1
Chinchodi,health,0.0,1
Dondambli,health,0.4444444444444445,1
Gabbur,health,0.0,1
Galaga,health,0.0,1
Ganadhal (Deodurga),health,0.75,1
Gugal,health,0.7142857142857143,1
Hemanal,health,0.888888888888889,1
Hirebudur,health,0.6666666666666666,1
Hosur Siddapur,health,0.6,1
Jagirajadaladinni,health,0.8571428571428571,1
Jalahalli,health,1.0,1
Jeerabandi,health,1.0,1
K.Irabgera,health,0.0,1
Karadigudda,health,0.6666666666666666,1
Karigudda,health,0.0,1
Koppar,health,0.42857142857142855,1
Kothadoddi,health,0.8,1
Kyadigera,health,0.0,1
Maladakal,health,0.5,1
Malledevaragudda,health,1.0,1
Masarkal,health,0.4,1
Mundaragi,health,0.6,1
Mustur,health,0.9,1
Nagadadinni,health,0.8333333333333334,1
Palakanamardi,health,0.8333333333333334,1
Ramadurga,health,1.0,1
Shavantagera,health,0.8,1
Somanamaradi,health,1.0,1
Alkod,livelihood,0.39603480890849396,2
Amarapur,livelihood,0.2817446622268985,2
Arkera,livelihood,0.561199539089997,2
B.Ganekal,livelihood,0.31549154611300034,2
Bhumanagunda,livelihood,0.20048836409272158,2
Chinchodi,livelihood,0.24964865918315732,2
Dondambli,livelihood,0.19835255605542557,2
Gabbur,livelihood,0.40470247025455364,2
Galaga,livelihood,0.23812837526486114,2
Ganadhal (Deodurga),livelihood,0.31286177251140446,2
Gugal,livelihood,0.6256600961084072,2
Hemanal,livelihood,0.3305217358772467,2
Hirebudur,livelihood,0.33963658110435063,2
Hosur Siddapur,livelihood,0.3772936703686994,2
Jagirajadaladinni,livelihood,0.17857233982448742,2
Jalahalli,livelihood,0.6966661525654758,2
Jeerabandi,livelihood,0.2557108541216921,2
K.Irabgera,livelihood,0.32685453702897593,2
Karadigudda,livelihood,0.4470931727621947,2
Karigudda,livelihood,0.37773016305669926,2
Koppar,livelihood,0.42653108610666335,2
Kothadoddi,livelihood,0.2750236003834212,2
Kyadigera,livelihood,0.4597949159019118,2
Maladakal,livelihood,0.3488140643649312,2
Malledevaragudda,livelihood,0.25801282663533326,2
Masarkal,livelihood,0.4483126619693342,2
Mundaragi,livelihood,0.6104055475457595,2
Mustur,livelihood,0.24167261967463943,2
Nagadadinni,livelihood,0.6105176132743669,2
Palakanamardi,livelihood,0.18792444489514995,2
Ramadurga,livelihood,0.13543743743057204,2
Shavantagera,livelihood,0.4607226055640799,2
Somanamaradi,livelihood,0.11167460151344231,2
Alkod,roads_transport,0.838557338435535,3
Amarapur,roads_transport,0.22241743647826576,3
Arkera,roads_transport,0.18848223819602894,3
B.Ganekal,roads_transport,0.08903396886836216,3
Bhumanagunda,roads_transport,0.13323319968065853,3
Chinchodi,roads_transport,0.00738891486122324,3
Dondambli,roads_transport,0.13132010902214905,3
Gabbur,roads_transport,0.022735122649917658,3
Galaga,roads_transport,0.18848223819602894,3
Ganadhal (Deodurga),roads_transport,0.18848223819602894,3
Gugal,roads_transport,0.022735122649917658,3
Hemanal,roads_transport,0.31165738942303145,3
Hirebudur,roads_transport,0.24373127671139938,3
Hosur Siddapur,roads_transport,0.08903396886836216,3
Jagirajadaladinni,roads_transport,0.11498807211532619,3
Jalahalli,roads_transport,1.0,3
Jeerabandi,roads_transport,0.10858498637223139,3
K.Irabgera,roads_transport,0.022735122649917658,3
Karadigudda,roads_transport,0.022735122649917658,3
Karigudda,roads_transport,0.017619720053686186,3
Koppar,roads_transport,0.3068730350146799,3
Kothadoddi,roads_transport,0.2836510246329214,3
Kyadigera,roads_transport,0.022735122649917658,3
Maladakal,roads_transport,0.5084979253371946,3
Malledevaragudda,roads_transport,0.14677384930525816,3
Masarkal,roads_transport,0.21307269552370264,3
Mundaragi,roads_transport,0.022735122649917658,3
Mustur,roads_transport,0.12218339197758443,3
Nagadadinni,roads_transport,0.1856126022082647,3
Palakanamardi,roads_transport,0.3542293537421402,3
Ramadurga,roads_transport,0.6065363477618514,3
Shavantagera,roads_transport,0.2879305075236957,3
Somanamaradi,roads_transport,0.022735122649917658,3
Alkod,sanitation,0.8124999999999999,1
Amarapur,sanitation,0.5312499999999998,1
Arkera,sanitation,0.12500000000000003,1
B.Ganekal,sanitation,0.6249999999999999,1
Bhumanagunda,sanitation,0.6249999999999998,1
Chinchodi,sanitation,0.25,1
Dondambli,sanitation,0.6388888888888888,1
Gabbur,sanitation,0.25,1
Galaga,sanitation,0.6249999999999999,1
Ganadhal (Deodurga),sanitation,1.0,1
Gugal,sanitation,0.6249999999999999,1
Hemanal,sanitation,0.45833333333333326,1
Hirebudur,sanitation,0.7499999999999998,1
Hosur Siddapur,sanitation,0.6249999999999999,1
Jagirajadaladinni,sanitation,0.7857142857142857,1
Jalahalli,sanitation,1.0,1
Jeerabandi,sanitation,0.3333333333333333,1
K.Irabgera,sanitation,0.02083333333333333,1
Karadigudda,sanitation,0.25000000000000006,1
Karigudda,sanitation,0.25,1
Koppar,sanitation,0.21428571428571436,1
Kothadoddi,sanitation,0.7749999999999998,1
Kyadigera,sanitation,0.0,1
Maladakal,sanitation,1.0,1
Malledevaragudda,sanitation,0.425,1
Masarkal,sanitation,0.6249999999999999,1
Mundaragi,sanitation,0.3499999999999999,1
Mustur,sanitation,0.6249999999999999,1
Nagadadinni,sanitation,0.4374999999999999,1
Palakanamardi,sanitation,0.8333333333333334,1
Ramadurga,sanitation,1.0,1
Shavantagera,sanitation,0.6249999999999999,1
Somanamaradi,sanitation,0.6249999999999999,1
