indicator,entropy_weight,weight_percent
child_share,0.02589383161043239,2.589383161043239
illiteracy_rate,0.027260144804279875,2.7260144804279873
marginal_worker_share,0.06182716938378236,6.1827169383782365
non_worker_share,0.044376122671995574,4.437612267199557
school_college_deficiency,0.271483261853815,27.1483261853815
all_weather_road_deficiency,0.1345352954552464,13.45352954552464
internal_pucca_road_deficiency,0.009226937171244481,0.9226937171244481
transport_deficiency,0.2620828254065653,26.20828254065653
electricity_deficiency,0.07977362657999408,7.977362657999408
drainage_deficiency,0.0332209004717266,3.3220900471726598
health_facility_deficiency,0.050319884590917886,5.031988459091789
