gp_name,need_rank,need_score_100,top_1_indicator,top_1_contribution_pct,top_2_indicator,top_2_contribution_pct,top_3_indicator,top_3_contribution_pct,explanation
Jalahalli,1,100.0,School/college deficiency,29.289966699461996,Public transport deficiency,28.27576616046666,All-weather road deficiency,14.514833426114862,"Jalahalli has a Need Score of 100.0. The main contributors are School/college deficiency (29.29%), Public transport deficiency (28.28%), and All-weather road deficiency (14.51%)."
Alkod,2,71.49139856471103,Public transport deficiency,28.86113788991418,School/college deficiency,26.574519691583316,All-weather road deficiency,19.753764010395383,"Alkod has a Need Score of 71.49. The main contributors are Public transport deficiency (28.86%), School/college deficiency (26.57%), and All-weather road deficiency (19.75%)."
Ramadurga,3,58.38125989560478,School/college deficiency,31.86325891590191,Public transport deficiency,27.68395951811362,All-weather road deficiency,14.211040602766628,"Ramadurga has a Need Score of 58.38. The main contributors are School/college deficiency (31.86%), Public transport deficiency (27.68%), and All-weather road deficiency (14.21%)."
Maladakal,4,41.97806607627522,Public transport deficiency,40.95892803565232,School/college deficiency,14.142683542762727,Electricity deficiency,10.389343601474849,"Maladakal has a Need Score of 41.98. The main contributors are Public transport deficiency (40.96%), School/college deficiency (14.14%), and Electricity deficiency (10.39%)."
Kothadoddi,5,30.744991089208582,All-weather road deficiency,24.48178544298547,Electricity deficiency,14.516642664897775,Health facility deficiency,12.209144214059375,"Kothadoddi has a Need Score of 30.74. The main contributors are All-weather road deficiency (24.48%), Electricity deficiency (14.52%), and Health facility deficiency (12.21%)."
Palakanamardi,6,28.75033921835181,All-weather road deficiency,43.04852199349289,Electricity deficiency,17.01727766783669,Health facility deficiency,13.41777171554425,"Palakanamardi has a Need Score of 28.75. The main contributors are All-weather road deficiency (43.05%), Electricity deficiency (17.02%), and Health facility deficiency (13.42%)."
Hemanal,7,27.72386561046189,Public transport deficiency,28.768456719139195,Health facility deficiency,14.729444604343128,School/college deficiency,13.244590745093113,"Hemanal has a Need Score of 27.72. The main contributors are Public transport deficiency (28.77%), Health facility deficiency (14.73%), and School/college deficiency (13.24%)."
Masarkal,8,27.635290936344255,School/college deficiency,23.90037442749801,Public transport deficiency,17.304596281905578,Non-worker share,14.609948740787454,"Masarkal has a Need Score of 27.64. The main contributors are School/college deficiency (23.9%), Public transport deficiency (17.3%), and Non-worker share (14.61%)."
Nagadadinni,9,25.732107768492796,School/college deficiency,21.0578275639806,Public transport deficiency,15.246506102825686,Health facility deficiency,14.636640655845415,"Nagadadinni has a Need Score of 25.73. The main contributors are School/college deficiency (21.06%), Public transport deficiency (15.25%), and Health facility deficiency (14.64%)."
Shavantagera,10,24.24963620151146,All-weather road deficiency,39.32169276431636,Health facility deficiency,14.70738987211084,Marginal worker share,10.101024988615391,"Shavantagera has a Need Score of 24.25. The main contributors are All-weather road deficiency (39.32%), Health facility deficiency (14.71%), and Marginal worker share (10.1%)."
Ganadhal (Deodurga),11,22.440359989303378,All-weather road deficiency,26.061484073374857,Electricity deficiency,20.604447742924197,Health facility deficiency,14.621563059745677,"Ganadhal (Deodurga) has a Need Score of 22.44. The main contributors are All-weather road deficiency (26.06%), Electricity deficiency (20.6%), and Health facility deficiency (14.62%)."
Amarapur,12,21.187968014774818,Public transport deficiency,26.493093620880693,Health facility deficiency,20.34668866822593,Marginal worker share,9.608058901429871,"Amarapur has a Need Score of 21.19. The main contributors are Public transport deficiency (26.49%), Health facility deficiency (20.35%), and Marginal worker share (9.61%)."
Hirebudur,13,19.726216063147756,All-weather road deficiency,38.21348800749959,Electricity deficiency,15.105966615496442,Health facility deficiency,14.292890946178968,"Hirebudur has a Need Score of 19.73. The main contributors are All-weather road deficiency (38.21%), Electricity deficiency (15.11%), and Health facility deficiency (14.29%)."
Malledevaragudda,14,19.692531590825805,Electricity deficiency,22.68702494172969,Public transport deficiency,22.36032076654591,Health facility deficiency,21.465900305428956,"Malledevaragudda has a Need Score of 19.69. The main contributors are Electricity deficiency (22.69%), Public transport deficiency (22.36%), and Health facility deficiency (21.47%)."
Dondambli,15,19.404923396623033,Electricity deficiency,22.504978948232797,School/college deficiency,17.340743333165598,Public transport deficiency,12.555224334198403,"Dondambli has a Need Score of 19.4. The main contributors are Electricity deficiency (22.5%), School/college deficiency (17.34%), and Public transport deficiency (12.56%)."
Jagirajadaladinni,16,19.317460172915602,School/college deficiency,22.36797276707221,Health facility deficiency,18.656738180421378,Public transport deficiency,16.195090982905693,"Jagirajadaladinni has a Need Score of 19.32. The main contributors are School/college deficiency (22.37%), Health facility deficiency (18.66%), and Public transport deficiency (16.2%)."
Koppar,17,18.152269259264493,All-weather road deficiency,52.14693481217003,Non-worker share,11.461539037062133,Health facility deficiency,9.752190801080172,"Koppar has a Need Score of 18.15. The main contributors are All-weather road deficiency (52.15%), Non-worker share (11.46%), and Health facility deficiency (9.75%)."
Bhumanagunda,18,17.309725568386,Health facility deficiency,23.52807580482327,All-weather road deficiency,20.968229263828906,Electricity deficiency,12.433255419525386,"Bhumanagunda has a Need Score of 17.31. The main contributors are Health facility deficiency (23.53%), All-weather road deficiency (20.97%), and Electricity deficiency (12.43%)."
Somanamaradi,19,17.19571050053239,School/college deficiency,42.50788726313426,Health facility deficiency,23.636727730600672,Drainage deficiency,9.753020423725667,"Somanamaradi has a Need Score of 17.2. The main contributors are School/college deficiency (42.51%), Health facility deficiency (23.64%), and Drainage deficiency (9.75%)."
Arkera,20,16.707719275098583,All-weather road deficiency,32.234714796344406,Non-worker share,18.91530722485074,Health facility deficiency,12.056666043542327,"Arkera has a Need Score of 16.71. The main contributors are All-weather road deficiency (32.23%), Non-worker share (18.92%), and Health facility deficiency (12.06%)."
Jeerabandi,21,16.45026812496046,Health facility deficiency,24.37260396304705,School/college deficiency,19.480566446860703,Public transport deficiency,14.104521196032557,"Jeerabandi has a Need Score of 16.45. The main contributors are Health facility deficiency (24.37%), School/college deficiency (19.48%), and Public transport deficiency (14.1%)."
Hosur Siddapur,22,15.682476185010252,Electricity deficiency,15.967464045979584,Health facility deficiency,15.1080184476311,All-weather road deficiency,13.46427124597854,"Hosur Siddapur has a Need Score of 15.68. The main contributors are Electricity deficiency (15.97%), Health facility deficiency (15.11%), and All-weather road deficiency (13.46%)."
Mundaragi,23,12.234305048992647,Marginal worker share,36.34582251053536,Health facility deficiency,17.748678572742755,Electricity deficiency,15.631952217750683,"Mundaragi has a Need Score of 12.23. The main contributors are Marginal worker share (36.35%), Health facility deficiency (17.75%), and Electricity deficiency (15.63%)."
Mustur,24,11.746548562023586,Health facility deficiency,27.297932737639503,All-weather road deficiency,24.327927061254435,Drainage deficiency,12.51523563715117,"Mustur has a Need Score of 11.75. The main contributors are Health facility deficiency (27.3%), All-weather road deficiency (24.33%), and Drainage deficiency (12.52%)."
B.Ganekal,25,10.948043446833003,Health facility deficiency,25.31546510068779,All-weather road deficiency,16.92086341510965,Marginal worker share,13.274074027435631,"B.Ganekal has a Need Score of 10.95. The main contributors are Health facility deficiency (25.32%), All-weather road deficiency (16.92%), and Marginal worker share (13.27%)."
Galaga,26,10.095197314715724,All-weather road deficiency,44.353291815108385,Drainage deficiency,13.690239130159263,Illiteracy rate,11.077430936736775,"Galaga has a Need Score of 10.1. The main contributors are All-weather road deficiency (44.35%), Drainage deficiency (13.69%), and Illiteracy rate (11.08%)."
Gugal,27,9.673386826658424,Marginal worker share,40.13312542811953,Health facility deficiency,24.281371269640047,Drainage deficiency,14.026619828733189,"Gugal has a Need Score of 9.67. The main contributors are Marginal worker share (40.13%), Health facility deficiency (24.28%), and Drainage deficiency (14.03%)."
K.Irabgera,28,8.324191026876033,Electricity deficiency,29.24414379511787,Illiteracy rate,19.986545145536123,Child population share,18.046050385491423,"K.Irabgera has a Need Score of 8.32. The main contributors are Electricity deficiency (29.24%), Illiteracy rate (19.99%), and Child population share (18.05%)."
Karadigudda,29,6.694089869104183,Marginal worker share,28.954853502543333,Health facility deficiency,27.421530298493014,Child population share,13.90180137247325,"Karadigudda has a Need Score of 6.69. The main contributors are Marginal worker share (28.95%), Health facility deficiency (27.42%), and Child population share (13.9%)."
Kyadigera,30,6.565159475382294,Marginal worker share,29.609445030567688,Electricity deficiency,21.935424375197886,Illiteracy rate,16.992130913409916,"Kyadigera has a Need Score of 6.57. The main contributors are Marginal worker share (29.61%), Electricity deficiency (21.94%), and Illiteracy rate (16.99%)."
Karigudda,31,6.368533914280533,Electricity deficiency,22.246561533699428,Non-worker share,19.306617043324977,Illiteracy rate,16.580347455231124,"Karigudda has a Need Score of 6.37. The main contributors are Electricity deficiency (22.25%), Non-worker share (19.31%), and Illiteracy rate (16.58%)."
Chinchodi,32,5.964596823579425,Electricity deficiency,42.77330028010387,Non-worker share,21.307594537126825,Child population share,13.215420706462996,"Chinchodi has a Need Score of 5.96. The main contributors are Electricity deficiency (42.77%), Non-worker share (21.31%), and Child population share (13.22%)."
Gabbur,33,0.0,Non-worker share,66.51732775776152,Internal pucca-road deficiency,14.279681562018931,Drainage deficiency,12.853232636561835,"Gabbur has a Need Score of 0.0. The main contributors are Non-worker share (66.52%), Internal pucca-road deficiency (14.28%), and Drainage deficiency (12.85%)."
