gp_name,sector,proposed_budget_lakh,historical_expenditure_lakh,population_affected,sector_need_score,synthetic_impact,predicted_impact,predicted_impact_lower_90,predicted_impact_upper_90,uncertainty_width,prediction_model
Alkod,education,10.614422733489338,14.260714596148745,3972,0.7001578824841364,0.3909083588556618,0.423864955497744,0.34212305010410465,0.5270186734888975,0.18489562338479287,Random Forest
Alkod,electricity_infra,15.7275536327692,6.687491292803867,4626,0.0833333333333333,0.3026142498589876,0.2861052667029575,0.1634507259077572,0.3551679739715574,0.19171724806380022,Random Forest
Alkod,health,12.562724515214944,5.005629167085328,3119,0.75,0.570055872194887,0.5193878240289862,0.37258849702771335,0.569489714420497,0.19690121739278366,Random Forest
Alkod,livelihood,18.285669289309045,0.3087674144370367,969,0.3960348089084939,0.4105915448738628,0.4214190612562674,0.30969530581179033,0.5023021252227546,0.1926068194109643,Random Forest
Alkod,roads_transport,18.60597176213697,14.078290635236252,2633,0.838557338435535,0.6525570513220823,0.6571103000087959,0.42156321945472464,0.6646449941741152,0.24308177471939052,Random Forest
Alkod,sanitation,6.181974245763314,2.7510676478015075,4755,0.8124999999999999,0.3718903995426392,0.4572891224565317,0.35911188183312726,0.5537850161971516,0.19467313436402434,Random Forest
Amarapur,education,16.06802269123046,0.105994578295761,3104,0.1105460944343151,0.2237535947097856,0.2542881732954243,0.16513616255723165,0.35206460806668544,0.18692844550945378,Random Forest
Amarapur,electricity_infra,8.698270224554964,9.177793420835693,2247,0.2916666666666667,0.3169348580711997,0.2878123672093943,0.19252591413798115,0.35164335654878176,0.1591174424108006,Random Forest
Amarapur,health,8.719326916310017,5.495427649405375,389,1.0,0.6537092918322243,0.6176270845761525,0.3409401336770558,0.6551661273829968,0.31422599370594106,Random Forest
Amarapur,livelihood,4.083947994254879,9.27579013999631,2099,0.2817446622268985,0.2064147348977044,0.23457536259538275,0.1907375394026165,0.3299192739982573,0.13918173459564082,Random Forest
Amarapur,roads_transport,13.827392083513066,8.886218532930638,3402,0.2224174364782657,0.2764015103095428,0.25145879056758774,0.152566511866238,0.3500733484910778,0.19750683662483978,Random Forest
Amarapur,sanitation,21.77862935493537,10.204613078816696,3088,0.5312499999999998,0.5667888237440407,0.5553637324827192,0.44826028021515524,0.5668211853241034,0.11856090510894818,Random Forest
Arkera,education,3.496186638661429,14.233283058799998,2563,0.0923393050527872,0.0740546368627764,0.08862804627591199,0.06979148013729691,0.29748666813581515,0.22769518799851823,Random Forest
Arkera,electricity_infra,14.955629010447405,5.781247538098741,2812,0.1666666666666666,0.1795662216489517,0.21269848802377722,0.1815873875858832,0.35206460806668544,0.17047722048080224,Random Forest
Arkera,health,7.310557989309427,3.615381990390176,1678,0.5,0.3374167388880195,0.3500175322393332,0.30282577136429123,0.4261202508789565,0.12329447951466527,Random Forest
Arkera,livelihood,16.02992312900028,12.497923676042465,234,0.561199539089997,0.4931148134472807,0.4815349759755419,0.3898539469757226,0.5531961425585941,0.16334219558287144,Random Forest
Arkera,roads_transport,22.914369247811987,3.8816997240002538,4143,0.1884822381960289,0.4253474343116593,0.3938848580117583,0.20181866709455432,0.4694498499505587,0.2676311828560044,Random Forest
Arkera,sanitation,19.373312437306005,6.37733811736867,2813,0.125,0.2229199612228721,0.24290051063020182,0.1794791249878847,0.40972119154024317,0.23024206655235846,Random Forest
B.Ganekal,education,14.574336424895431,2.772816832882905,4998,0.0873524245656024,0.2124226840539736,0.24992115596484168,0.16404233864103115,0.3523128721345714,0.18827053349354025,Random Forest
B.Ganekal,electricity_infra,21.37254981568497,6.746312000546485,4497,0.0,0.2527054150504634,0.23152408016784495,0.13783524051941792,0.41764797872495285,0.2798127382055349,Random Forest
B.Ganekal,health,22.581029059835924,8.968499682166277,3542,0.8,0.6159097534756756,0.6223830922037964,0.4660803579566433,0.6516232221735979,0.1855428642169546,Random Forest
B.Ganekal,livelihood,4.035327547194148,2.939742936287178,1216,0.3154915461130003,0.2305533673689946,0.24208194375699368,0.1890834885314894,0.365851890552979,0.1767684020214896,Random Forest
B.Ganekal,roads_transport,24.10695656003503,12.66800773017227,537,0.0890339688683621,0.3711688647351915,0.34888323727792675,0.1699386401665635,0.4304713972625365,0.260532757095973,Random Forest
B.Ganekal,sanitation,14.412919044948834,8.801267484957723,579,0.6249999999999999,0.4709204131378338,0.47047205628930366,0.37874679807739464,0.4939486289474886,0.11520183087009395,Random Forest
Bhumanagunda,education,8.347981186518497,4.444102585561236,4084,0.125780199490933,0.2658205044147621,0.14104445357986167,0.1254028274627728,0.3224947697364081,0.19709194227363533,Random Forest
Bhumanagunda,electricity_infra,3.714664804634729,14.80330404900776,2227,0.3333333333333333,0.1952746439456004,0.2325569951275923,0.1830226444964524,0.3663926060548218,0.18336996155836943,Random Forest
Bhumanagunda,health,8.750228018514877,0.2111973407262668,591,1.0,0.5826685626876451,0.6083911778791764,0.33977059879347116,0.6499703369414668,0.3101997381479956,Random Forest
Bhumanagunda,livelihood,18.767164864942707,11.569055200289188,3761,0.2004883640927215,0.3016665930272431,0.32454746825493347,0.203231640450121,0.4095405383950467,0.20630889794492574,Random Forest
Bhumanagunda,roads_transport,10.24471175651827,1.7380358928769457,400,0.1332331996806585,0.148778187254124,0.1582170057759265,0.14870048004958014,0.34773042458424297,0.19902994453466283,Random Forest
Bhumanagunda,sanitation,16.33585691703383,4.963470372789738,4798,0.6249999999999998,0.480579008342713,0.4775543369544381,0.41863730630377183,0.5041998768701124,0.08556257056634053,Random Forest
Chinchodi,education,9.15259339946023,4.877749830401205,2931,0.0880739996651603,0.0821636771644766,0.1226594130232931,0.11657816878758437,0.3378191855120319,0.22124101672444751,Random Forest
Chinchodi,electricity_infra,16.663821841169902,13.308191138644895,2890,0.6222222222222222,0.5015003320094853,0.499437855393284,0.4558887791586896,0.5037709596570299,0.04788218049834031,Random Forest
Chinchodi,health,19.498056118188643,8.419157963542444,4693,0.0,0.2368503735694785,0.22384994121075397,0.1390669281622846,0.4126439042999187,0.2735769761376341,Random Forest
Chinchodi,livelihood,13.357298716380988,7.840992440729911,1684,0.2496486591831573,0.1709717896861105,0.2142572103245082,0.1709719957528165,0.38245165699292394,0.21147966124010745,Random Forest
Chinchodi,roads_transport,6.6395416537141125,13.43645393510279,763,0.0073889148612232,0.0782714816511881,0.06996976179304655,0.07576665793315003,0.29743237077521917,0.22166571284206915,Random Forest
Chinchodi,sanitation,14.955338155456824,10.432741296391912,1878,0.25,0.3065707619525784,0.2887879489497865,0.21464179002955877,0.3843165607839311,0.16967477075437234,Random Forest
Dondambli,education,19.37767618649012,3.431972482374337,1922,0.1903358212199068,0.3534294743823618,0.3495336918024811,0.20219927294820528,0.40972119154024317,0.2075219185920379,Random Forest
Dondambli,electricity_infra,17.980053459913204,13.207017585228863,2929,0.654320987654321,0.6031528889749103,0.5560676048393721,0.46537594762834816,0.6053306631189836,0.13995471549063548,Random Forest
Dondambli,health,20.58676872998159,9.501056347656352,2893,0.4444444444444445,0.5118311602120268,0.5211618727740808,0.41782454457683144,0.5455705197518006,0.12774597517496916,Random Forest
Dondambli,livelihood,12.500295121106936,3.276606558252504,1563,0.1983525560554255,0.2181616333542184,0.2186030532670554,0.1502384998351032,0.3410578568581406,0.1908193570230374,Random Forest
Dondambli,roads_transport,22.52885696526949,8.09013362873476,1729,0.131320109022149,0.299185729481426,0.29846242899922126,0.2001419871359414,0.4661115335398943,0.26596954640395293,Random Forest
Dondambli,sanitation,4.808022958115487,5.344467571154624,2437,0.6388888888888888,0.4061159400193229,0.3964011337253615,0.3371216958692423,0.43849916516963744,0.10137746930039515,Random Forest
Gabbur,education,4.531194264136565,3.419027438129125,4229,0.0126385683780881,0.0333296235418067,0.05317576964493132,0.026846887376554218,0.3007706871858837,0.27392379980932946,Random Forest
Gabbur,electricity_infra,2.011968670892264,5.288532845012536,1482,0.0,0.0,0.03887574569925215,5.477489689651211e-11,0.2976130239204156,0.2976130238656407,Random Forest
Gabbur,health,2.159899002217386,7.661209538663486,4944,0.0,0.1446258751966384,0.08544219596623934,0.08648696121030044,0.29773493220370123,0.21124797099340079,Random Forest
Gabbur,livelihood,13.151089341256611,10.386540493354056,4979,0.4047024702545536,0.3446280939914964,0.35441436757706135,0.2940844978873632,0.43715248045776217,0.143067982570399,Random Forest
Gabbur,roads_transport,7.614887011698806,2.5243656325939585,3943,0.0227351226499176,0.0714199963309172,0.094037281313479,0.06882813743202043,0.3007706871858837,0.23194254975386325,Random Forest
Gabbur,sanitation,13.93218430009742,10.545284383427669,2053,0.25,0.1825797087890701,0.23764140308800286,0.18257936264963118,0.3825059543535199,0.19992659170388874,Random Forest
Galaga,education,24.35098790258209,14.436709424131667,3781,0.089686549275463,0.3796252340876581,0.3710532769646385,0.16570289360859186,0.42923856712516273,0.26353567351657087,Random Forest
Galaga,electricity_infra,18.014998275315133,10.68405884886663,1836,0.0,0.1667831870139545,0.1982753441091933,0.1388665373929363,0.40948624103445075,0.27061970364151444,Random Forest
Galaga,health,8.551331370681755,0.5533042103179919,2360,0.0,0.1040470044265723,0.10842616444377047,0.09886459020755463,0.319391403831536,0.2205268136239814,Random Forest
Galaga,livelihood,24.462143984151016,6.165555199773469,1054,0.2381283752648611,0.4610410732574638,0.43672085015721385,0.20186054837910647,0.46105211674477514,0.2591915683656687,Random Forest
Galaga,roads_transport,8.408868677442063,13.623988289499806,3674,0.1884822381960289,0.1465341158411156,0.14552208505085512,0.14654410907676543,0.3192107506863396,0.17266664160957415,Random Forest
Galaga,sanitation,17.656225385759637,7.964018749757046,2977,0.6249999999999999,0.5283488272199925,0.5283771007339904,0.47117726846587515,0.5304320035526584,0.05925473508678325,Random Forest
Ganadhal (Deodurga),education,24.66996044454381,3.630829072672506,3710,0.0746882302368615,0.409573010962647,0.36954029442225456,0.1671894054315577,0.429467673690341,0.2622782682587833,Random Forest
Ganadhal (Deodurga),electricity_infra,19.517251152560505,3.564563159885995,966,0.6666666666666666,0.4447029943208854,0.5203023807441685,0.44697004508989757,0.6001734550883457,0.15320340999844817,Random Forest
Ganadhal (Deodurga),health,20.47221439673761,7.054509516690576,397,0.75,0.5801412804118903,0.5542100013919684,0.4485549392511569,0.606972546946133,0.1584176076949761,Random Forest
Ganadhal (Deodurga),livelihood,11.17296217622472,12.246478098290758,808,0.3128617725114044,0.2452793381810453,0.27618943671123586,0.2004996125243775,0.40911607034550757,0.20861645782113006,Random Forest
Ganadhal (Deodurga),roads_transport,5.466503511204878,7.62298165111078,2711,0.1884822381960289,0.1504939051044525,0.14719096234434523,0.14051986443055073,0.29748666813581515,0.15696680370526442,Random Forest
Ganadhal (Deodurga),sanitation,2.93782825575957,8.863394147823627,1569,1.0,0.532864395200438,0.5557492462916684,0.328360138028034,0.6096378195652499,0.2812776815372159,Random Forest
Gugal,education,13.778140340883462,3.397436627969069,3111,0.0481959358099399,0.136372520348242,0.20653474506748823,0.11656854991098137,0.35025400163627424,0.23368545172529287,Random Forest
Gugal,electricity_infra,4.212060675102677,14.10784896734406,2159,0.0,0.0178260607955813,0.03260945669522098,0.01764770386459345,0.29748666813581515,0.2798389642712217,Random Forest
Gugal,health,10.89491296491236,14.050949831051016,4936,0.7142857142857143,0.4492205641991643,0.43368339902159597,0.34390648542205265,0.5241635716519115,0.18025708622985886,Random Forest
Gugal,livelihood,17.54087269190346,11.028241788611584,4261,0.6256600961084072,0.5057810580984017,0.517941176641013,0.467601101419299,0.5109574932784497,0.043356391859150745,Random Forest
Gugal,roads_transport,18.00304118493689,3.428250326959495,823,0.0227351226499176,0.2383151921707563,0.23962315129020817,0.15185923823509614,0.4096668941796472,0.257807655944551,Random Forest
Gugal,sanitation,14.769618666787634,7.944758675340097,2249,0.6249999999999999,0.5352636301200056,0.4749346594782971,0.37903795587964667,0.4927157988101148,0.11367784293046812,Random Forest
Hemanal,education,24.913835094432255,14.481290269331904,4748,0.1710704827400805,0.4372678123305481,0.41323567899855057,0.1791781372260467,0.4372678120596278,0.2580896748335811,Random Forest
Hemanal,electricity_infra,22.7096153147566,9.49652185909902,2256,0.3333333333333333,0.471863763510512,0.46400212934794494,0.27010858142407834,0.5408761319638056,0.27076755053972723,Random Forest
Hemanal,health,8.414041109620182,10.505367449591567,2455,0.888888888888889,0.5017142317856318,0.5862424925539379,0.3384131133766563,0.5881527357392787,0.24973962236262243,Random Forest
Hemanal,livelihood,22.633535978909272,13.30629636397676,3391,0.3305217358772467,0.4366985036691669,0.4573996083641187,0.2828689188047655,0.5408761319638056,0.25800721315904007,Random Forest
Hemanal,roads_transport,22.41871227150208,12.76392673151269,1848,0.3116573894230314,0.54356971214416,0.4650814434363908,0.2515723816185834,0.5435806031296753,0.29200822151109185,Random Forest
Hemanal,sanitation,5.717460424176116,13.478312827906189,4123,0.4583333333333332,0.3485028263911449,0.3501644554048204,0.31531216352281344,0.42909726099922807,0.11378509747641463,Random Forest
Hirebudur,education,15.355792293038457,5.584241498426146,298,0.017876418778634,0.1711824889621022,0.18913750030926002,0.1359390305113603,0.36040529228310303,0.22446626177174273,Random Forest
Hirebudur,electricity_infra,24.3942682453723,4.258814621061985,4633,0.4444444444444442,0.5940553503148787,0.5468293914852811,0.43456343839597245,0.6356776626428746,0.20111422424690217,Random Forest
Hirebudur,health,13.169116332483211,6.72636214479371,1156,0.6666666666666666,0.4719592698332611,0.46904682834195577,0.3491722919526902,0.5331835107861636,0.18401121883347338,Random Forest
Hirebudur,livelihood,7.158194117592875,10.682688320213035,4693,0.3396365811043506,0.2222965215481263,0.23251935239036997,0.22205582087060044,0.36949597195969386,0.14744015108909342,Random Forest
Hirebudur,roads_transport,9.484193057663155,11.197371076770365,1418,0.2437312767113993,0.3054625518440858,0.1499367484808087,0.1523661103225267,0.37001684086868164,0.21765073054615494,Random Forest
Hirebudur,sanitation,17.125096522907896,8.524629050032074,4755,0.7499999999999998,0.5150186937742998,0.5320366361510365,0.4720310034397018,0.5719105764861189,0.09987957304641709,Random Forest
Hosur Siddapur,education,13.70272376729148,9.544989272788431,1245,0.1255930198338894,0.1315403161110246,0.1767738689043979,0.13156351232231797,0.3500190511304818,0.21845553880816385,Random Forest
Hosur Siddapur,electricity_infra,7.611761797718922,14.595158321286684,3636,0.3999999999999999,0.3384053704756508,0.31083724016290043,0.2453838992912637,0.38431753603461366,0.13893363674334996,Random Forest
Hosur Siddapur,health,13.195069518067468,13.59148181577831,425,0.6,0.4597253807976202,0.46143537612627594,0.34179357876418076,0.4975234627452099,0.15572988398102916,Random Forest
Hosur Siddapur,livelihood,10.05180337697754,9.676550430458471,1159,0.3772936703686994,0.3156367496349379,0.3097013806355861,0.25084160246746184,0.4277080716117427,0.17686646914428084,Random Forest
Hosur Siddapur,roads_transport,21.87585399665377,3.452779023623329,1015,0.0890339688683621,0.2889560904226774,0.3028201229574129,0.1684680576741274,0.4626587055289809,0.2941906478548535,Random Forest
Hosur Siddapur,sanitation,8.457764336139682,0.3647394964718076,3320,0.6249999999999999,0.4020685036644732,0.3974679405364581,0.36156399689700053,0.4602232477201619,0.09865925082316135,Random Forest
Jagirajadaladinni,education,3.0028867503519763,14.918257661960116,2405,0.2381863527278908,0.1322223222266003,0.14398648452991958,0.12019074991827852,0.3299192739982573,0.2097285240799788,Random Forest
Jagirajadaladinni,electricity_infra,23.94035727105951,13.722965853306729,1260,0.2380952380952381,0.3750322597876132,0.4284823047613735,0.20102458969554948,0.4600464577697982,0.2590218680742487,Random Forest
Jagirajadaladinni,health,23.351326939517683,6.422762224759715,4476,0.8571428571428571,0.6896918407272026,0.6954236629040486,0.47427128962767845,0.7064935625511007,0.2322222729234223,Random Forest
Jagirajadaladinni,livelihood,15.16272679092928,14.704973755740683,1339,0.1785723398244874,0.2505663294625101,0.2629723794125743,0.1762174924680657,0.351829657560893,0.17561216509282732,Random Forest
Jagirajadaladinni,roads_transport,8.77232451760047,5.776465929028879,1384,0.1149880721153261,0.1213327417179319,0.12617629362470079,0.11484469274347756,0.3377648881514359,0.22292019540795835,Random Forest
Jagirajadaladinni,sanitation,9.289206118594386,2.5423912002913878,2016,0.7857142857142857,0.4770691563136832,0.47610040369825396,0.34407683518014226,0.5573924747626268,0.2133156395824845,Random Forest
Jalahalli,education,11.07790373661786,12.663197110894671,2095,0.8740023843901905,0.4447980609513988,0.5497491292087663,0.3428566779068171,0.6098734861264795,0.2670168082196624,Random Forest
Jalahalli,electricity_infra,3.6195710095395097,3.1337807642304027,4214,1.0,0.5776669621922325,0.5739100740052099,0.36281381167791255,0.6193978710771251,0.2565840593992125,Random Forest
Jalahalli,health,24.771238552398056,2.1012602285478605,354,1.0,0.8167675260779338,0.772375807669927,0.4477567045953806,0.8316166451246593,0.3838599405292787,Random Forest
Jalahalli,livelihood,8.791683533635592,4.838261463579007,3375,0.6966661525654758,0.4495878370615734,0.42990215165606116,0.3653712793390984,0.520802992022517,0.1554317126834186,Random Forest
Jalahalli,roads_transport,18.031362042891164,10.53726125980664,3006,1.0,0.7282425637526811,0.7001159281641889,0.46636613528503945,0.7488642662244845,0.2824981309394451,Random Forest
Jalahalli,sanitation,11.65495969826436,3.843104153916871,2655,1.0,0.6535383865361036,0.6257928009889521,0.3609481272733243,0.6551988146257136,0.2942506873523893,Random Forest
Jeerabandi,education,23.00453270879884,7.670135982914067,4331,0.1546485687328115,0.3171785870417769,0.309557184605138,0.2026169017503307,0.4692691968053623,0.2666522950550316,Random Forest
Jeerabandi,electricity_infra,20.36078911623583,9.749458961666477,4695,0.2962962962962963,0.3658486024319578,0.37383031239064807,0.2524888342025457,0.4450765101623609,0.19258767595981519,Random Forest
Jeerabandi,health,3.1676762139061294,13.2992572342599,1366,1.0,0.5644279450483924,0.5664199472366831,0.3310859378185311,0.6114158838366026,0.28032994601807154,Random Forest
Jeerabandi,livelihood,10.638407910718712,1.409729097613035,2974,0.2557108541216921,0.2658914962474274,0.24510350187236615,0.1996876897317968,0.37354476008117876,0.17385707034938197,Random Forest
Jeerabandi,roads_transport,17.45660111178959,4.922290012120979,3969,0.1085849863722313,0.3659377310117059,0.30495546209635255,0.16956509085337784,0.3623364136921303,0.19277132283875248,Random Forest
Jeerabandi,sanitation,14.480826598274264,4.298118781924266,1915,0.3333333333333333,0.4214171936178233,0.3901514122752247,0.25403562941921864,0.42097054598569206,0.1669349165664734,Random Forest
K.Irabgera,education,2.8931988918767337,4.548982720098342,2691,0.1597894343143197,0.1612637108790981,0.15340636184466783,0.142441569589596,0.2976673212810116,0.1552257516914156,Random Forest
K.Irabgera,electricity_infra,9.51297856130894,12.41803505681383,3251,0.4999999999999999,0.3260689969493162,0.36623207887296516,0.32607105834807937,0.46614575932537633,0.14007470097729696,Random Forest
K.Irabgera,health,24.200792098987705,6.8589774242059285,1076,0.0,0.2621816550243737,0.29753423751637215,0.14016482496556107,0.42918426976456675,0.28901944479900565,Random Forest
K.Irabgera,livelihood,6.470740781882079,6.170308575850179,4564,0.3268545370289759,0.1909738217156361,0.22586932905164583,0.19097506000595327,0.369009553818447,0.17803449381249375,Random Forest
K.Irabgera,roads_transport,24.29934794362565,10.71892656269928,1882,0.0227351226499176,0.3169476041378021,0.3234755270235997,0.1524101175218212,0.42923856712516273,0.2768284496033415,Random Forest
K.Irabgera,sanitation,20.289282479680185,4.062483768931113,3875,0.0208333333333333,0.1168403141998437,0.20458709825773952,0.1354773269889734,0.41282455744511515,0.27734723045614174,Random Forest
Karadigudda,education,19.11298078897965,3.762907910199918,316,0.0732360869717356,0.2430428491064737,0.25528663736878593,0.16820378497603736,0.41806187575666065,0.2498580907806233,Random Forest
Karadigudda,electricity_infra,3.8600782321955465,6.424717124101616,2131,1.5419764230904953e-17,0.0309851188202557,0.0355058058676997,0.024032269290199457,0.2976673212810116,0.2736350519908121,Random Forest
Karadigudda,health,11.405917721528208,2.5994148010626867,712,0.6666666666666666,0.3939898193331722,0.41551906704149544,0.34837405729691384,0.524041663368626,0.17566760607171217,Random Forest
Karadigudda,livelihood,12.174101283815402,3.5968103873610486,759,0.4470931727621947,0.4095226175158138,0.4016087599077741,0.31085170913151594,0.4695650838166815,0.15871337468516555,Random Forest
Karadigudda,roads_transport,6.2059179334680685,14.019209960095646,3543,0.0227351226499176,0.0288814900970814,0.05950592000692273,0.02538384654697529,0.29748666813581515,0.27210282158883986,Random Forest
Karadigudda,sanitation,13.884013920811034,9.856669927502503,780,0.25,0.3049953003348954,0.24547099848509632,0.18228820484737923,0.38245165699292394,0.2001634521455447,Random Forest
Karigudda,education,16.0695771633901,6.2940009364168485,3347,0.1151008614269934,0.3895742278486304,0.25069084204920006,0.16736820479468276,0.35206460806668544,0.18469640327200268,Random Forest
Karigudda,electricity_infra,15.018855841363754,2.3796967146373653,2944,0.3333333333333333,0.2663426562652706,0.38758646784560663,0.2699702136546396,0.42097054598569206,0.15100033233105248,Random Forest
Karigudda,health,9.863232334477235,1.3769859872016283,3318,0.0,0.1109312177633743,0.1142419864748913,0.10003055744668962,0.3411121542187366,0.24108159677204696,Random Forest
Karigudda,livelihood,2.936762453336313,12.831908760165108,3259,0.3777301630566992,0.2037332240866221,0.2548366233358439,0.26608308554161825,0.38431753603461366,0.11823445049299541,Random Forest
Karigudda,roads_transport,6.0325962074547865,0.2574165274762535,2679,0.0176197200536861,0.0511025805714812,0.05456287460221243,0.04377817702614919,0.2976673212810116,0.2538891442548624,Random Forest
Karigudda,sanitation,20.55899847216793,5.194564816341012,1957,0.25,0.4097205363977831,0.36595169353799983,0.23251925767682846,0.4421537974026853,0.20963453972585683,Random Forest
Koppar,education,16.944794700783557,0.7208838629555059,3049,0.057946320612647,0.2876271519571483,0.26751263873020165,0.16729636371928414,0.35923304778725834,0.1919366840679742,Random Forest
Koppar,electricity_infra,8.000553336859422,0.2295681043557712,3930,0.0476190476190476,0.1583980713169037,0.12594278310392826,0.10898415808459522,0.3105850618210203,0.20160090373642509,Random Forest
Koppar,health,13.572133947342016,12.847347617824834,1548,0.4285714285714285,0.3409843675312567,0.3742660899505614,0.2522037795840375,0.47852627808902265,0.22632249850498515,Random Forest
Koppar,livelihood,17.731166696157246,9.237767465848709,535,0.4265310861066633,0.5477319473273394,0.466531994643603,0.3036801908142361,0.54779356119693,0.24411337038269393,Random Forest
Koppar,roads_transport,16.77564339874526,0.3976696581243272,1095,0.3068730350146799,0.2662320788751884,0.3923170502437921,0.24837683374222067,0.43256948595442707,0.1841926522122064,Random Forest
Koppar,sanitation,16.63728274125826,12.014239420235995,2131,0.2142857142857143,0.2551587965862415,0.3053409527348705,0.20110460286712883,0.3590523946420619,0.15794779177493307,Random Forest
Kothadoddi,education,10.927908302750003,9.649323276635297,4200,0.2203267370109822,0.2497847323580098,0.2069512006576275,0.15251611733179374,0.34403486697841223,0.1915187496466185,Random Forest
Kothadoddi,electricity_infra,20.657696064928068,12.30959213615933,4113,0.5999999999999999,0.5523620487364191,0.5544265755867349,0.46659773598257276,0.5609985025867577,0.0944007666041849,Random Forest
Kothadoddi,health,6.753740277165144,4.109416909817006,4307,0.8,0.5054470872949192,0.4867787554217166,0.3651372393304574,0.5537850161971516,0.1886477768666942,Random Forest
Kothadoddi,livelihood,4.317894031680813,0.2733273847732459,2746,0.2750236003834212,0.2683332333256404,0.24280587521197838,0.19072766969055577,0.33009992714345376,0.139372257452898,Random Forest
Kothadoddi,roads_transport,16.219839339771536,5.048313223330897,4385,0.2836510246329214,0.3304710384254392,0.3445885341424564,0.2494117524321724,0.3947690195545725,0.1453572671224001,Random Forest
Kothadoddi,sanitation,9.33643949675651,12.673129664541818,1825,0.7749999999999998,0.505223746971727,0.48483618465322775,0.33826829798779356,0.5571575242568344,0.21888922626904084,Random Forest
Kyadigera,education,9.83436509767752,3.910417923538547,4174,0.1126644554097408,0.1446188062407881,0.13883430859945423,0.1188468959216781,0.3442155201236087,0.22536862420193057,Random Forest
Kyadigera,electricity_infra,4.717791035298093,10.45105748046226,1716,0.3333333333333333,0.2526965850132759,0.25172694302859994,0.20153450970591286,0.36633830869422584,0.164803798988313,Random Forest
Kyadigera,health,23.542907492681262,0.5877949001346938,928,0.0,0.2665909643796582,0.2642736737735651,0.13793278272811002,0.46629218668509076,0.3283594039569807,Random Forest
Kyadigera,livelihood,20.48006139885152,4.2305185885695975,3665,0.4597949159019118,0.4597053436838569,0.49087704863128306,0.43605766509423055,0.545751172896997,0.10969350780276649,Random Forest
Kyadigera,roads_transport,11.739831673086726,8.527804256249375,2986,0.0227351226499176,0.1794196990501884,0.1775651383727617,0.10133224241742823,0.34093150107354014,0.23959925865611192,Random Forest
Kyadigera,sanitation,24.781618266015485,6.189265153671397,2343,0.0,0.3491254655462157,0.32723291060726956,0.13671156837315235,0.429467673690341,0.29275610531718865,Random Forest
Maladakal,education,9.83848142581941,13.96135988405347,4332,0.2478525473070315,0.1315827231796547,0.1499857898763174,0.13009128016114832,0.37646747284085436,0.24637619267970604,Random Forest
Maladakal,electricity_infra,7.487727775177824,10.197671698503688,2526,0.5555555555555556,0.3856694323135831,0.3711173200913129,0.33582948520976375,0.438318512024441,0.10248902681467725,Random Forest
Maladakal,health,19.354486103947693,1.5468580325389891,4152,0.5,0.4687436673134953,0.5038749195671606,0.435998273573351,0.5488545388018691,0.11285626522851805,Random Forest
Maladakal,livelihood,13.620804566300714,12.396861991616124,1565,0.3488140643649312,0.3852375338611445,0.32915858472569764,0.2521403632237833,0.41892498904948844,0.16678462582570514,Random Forest
Maladakal,roads_transport,8.84560901371415,1.499773307427951,595,0.5084979253371946,0.3478901407794415,0.36397572404119394,0.33052190556254635,0.46755924260794657,0.13703733704540022,Random Forest
Maladakal,sanitation,24.046454428313563,12.707147161433848,4560,1.0,0.8536100747978778,0.7708791422336998,0.46524347615228334,0.8598588746355588,0.3946153984832754,Random Forest
Malledevaragudda,education,9.344213664579542,14.250929505762072,3777,0.0918789574895709,0.124249391695538,0.12288063227328355,0.11498469867689208,0.33763853236683544,0.22265383368994335,Random Forest
Malledevaragudda,electricity_infra,16.532255879905385,6.726682829674797,4691,0.6666666666666666,0.4202039085109034,0.4724330907299386,0.420805650383245,0.549206941328958,0.12840129094571295,Random Forest
Malledevaragudda,health,9.559284543508069,10.087776841155575,3836,1.0,0.66729106655568,0.637217139608818,0.36425681898104195,0.6676243013708308,0.3033674823897889,Random Forest
Malledevaragudda,livelihood,20.20631800569452,11.844272141918308,2356,0.2580128266353332,0.3293049812737272,0.3444850178443315,0.2542957961968181,0.44197314425748885,0.18767734806067077,Random Forest
Malledevaragudda,roads_transport,23.41136943080773,14.613723128016153,3494,0.1467738493052581,0.2753107609851454,0.31012694645736544,0.17966899848757845,0.4661658309004903,0.28649683241291185,Random Forest
Malledevaragudda,sanitation,3.285036557579051,11.055533351865131,932,0.425,0.2527231096231451,0.2772628360764143,0.24136263077311074,0.3842632386740177,0.14290060790090695,Random Forest
Masarkal,education,10.07104528869781,1.7560052464140878,1153,0.2630065413597404,0.2403968808427354,0.25737005596409973,0.1969251081004422,0.3734904627205828,0.17656535462014059,Random Forest
Masarkal,electricity_infra,16.219015456274004,1.5168401418418536,1742,0.5333333333333333,0.5024501009292051,0.47733243955442334,0.37835057396792493,0.5039725364963654,0.1256219625284405,Random Forest
Masarkal,health,11.800103926079643,3.338646263565458,3193,0.4,0.3862217881037163,0.36007742338794413,0.28467292495941154,0.4279430221175351,0.14327009715812355,Random Forest
Masarkal,livelihood,22.51362890186586,2.1990723253803823,3436,0.4483126619693342,0.4991009001015271,0.5096101724334645,0.43605766509423055,0.5579686331864271,0.12191096809219654,Random Forest
Masarkal,roads_transport,7.364245665764139,8.719581258401735,1588,0.2130726955237026,0.1506664986551217,0.15504374336016943,0.14664664704081068,0.29743237077521917,0.1507857237344085,Random Forest
Masarkal,sanitation,10.52476938253849,12.191993508862538,710,0.6249999999999999,0.4531442956516767,0.4277450412955415,0.3379612905921342,0.4829961750995398,0.1450348845074056,Random Forest
Mundaragi,education,22.876955246016564,8.878331082319265,2027,0.0851522088396981,0.3253592863780766,0.293195923332882,0.16892709713069892,0.4661658309004903,0.2972387337697914,Random Forest
Mundaragi,electricity_infra,10.653970467211062,1.2525107504800317,3123,0.3333333333333333,0.3229611459966814,0.31230395707590036,0.23637198602401,0.41001809213774326,0.17364610611373327,Random Forest
Mundaragi,health,14.843297743923516,6.363330138704645,3802,0.6,0.4343792372398471,0.47062135968561586,0.40605525896999756,0.49289645195531123,0.08684119298531368,Random Forest
Mundaragi,livelihood,4.557542093041481,7.389376564362887,4948,0.6104055475457595,0.3398746352309998,0.3692112906183531,0.3398746388682632,0.43856677609232697,0.09869213722406378,Random Forest
Mundaragi,roads_transport,11.319647995972591,8.57209537807516,655,0.0227351226499176,0.1726722430934352,0.16910858561570546,0.10250393637227154,0.34216433121091394,0.2396603948386424,Random Forest
Mundaragi,sanitation,4.703103675873413,9.738154531740951,3272,0.3499999999999999,0.2938035968720671,0.24819190172657174,0.2628122357356138,0.3663926060548218,0.10358037031920803,Random Forest
Mustur,education,17.663906823228906,3.562597069387049,704,0.0757688174531479,0.2981473910033003,0.28369218362616505,0.1684680576741274,0.38349088854838986,0.21502283087426247,Random Forest
Mustur,electricity_infra,10.622023329045192,4.285681294227911,1023,0.0,0.1315670235061822,0.14471580700076386,0.10015131919795948,0.3410578568581406,0.2409065376601811,Random Forest
Mustur,health,14.15251278983581,6.54503747409834,2305,0.9,0.5954604022819723,0.6055455679672626,0.3836811700323071,0.6186841096419137,0.23500293960960655,Random Forest
Mustur,livelihood,2.279552917865776,14.548182400614586,2052,0.2416726196746394,0.1683819727856743,0.15406500768719755,0.12014318315143169,0.3299192739982573,0.20977609084682564,Random Forest
Mustur,roads_transport,9.421786930384425,0.6510117494725914,3484,0.1221833919775844,0.1195836172887317,0.12542810419400177,0.11689571927552866,0.3378191855120319,0.22092346623650322,Random Forest
Mustur,sanitation,24.838190310743908,1.106948471030983,1450,0.6249999999999999,0.5697082117658822,0.5580771713994223,0.445321392875445,0.6431581061094158,0.19783671323397084,Random Forest
Nagadadinni,education,17.994455831452893,1.131518206346539,1456,0.2358418055612652,0.4093429383810484,0.3736072525789665,0.20162957235519763,0.4096668941796472,0.20803732182444956,Random Forest
Nagadadinni,electricity_infra,6.986609451489298,4.417409202591448,3784,0.1666666666666667,0.187274370753551,0.1627760950118833,0.14352798260614671,0.2976673212810116,0.15413933867486487,Random Forest
Nagadadinni,health,16.43383584193346,8.764714678846504,2903,0.8333333333333334,0.5964963600812204,0.6165885145711816,0.42156750602609033,0.6176110607271296,0.19604355470103924,Random Forest
Nagadadinni,livelihood,18.953316234389444,13.728815125036595,1553,0.6105176132743669,0.5741555356791203,0.5259347731237713,0.4402363867734608,0.5578408393212897,0.11760445254782892,Random Forest
Nagadadinni,roads_transport,23.85946413376085,13.353956758363744,3219,0.1856126022082647,0.4434686189017423,0.41286781424153396,0.20339620787471685,0.4434787698403845,0.24008256196566763,Random Forest
Nagadadinni,sanitation,4.455389516525341,5.034900971954448,1345,0.4374999999999999,0.249982796286022,0.29759180884205483,0.24926867049415113,0.4261202508789565,0.17685158038480536,Random Forest
Palakanamardi,education,6.32678667364651,6.955476074099733,2945,0.0800892739587163,0.0945956799406425,0.09753883529616139,0.09138377798098093,0.29748666813581515,0.2061028901548342,Random Forest
Palakanamardi,electricity_infra,7.276079151213842,3.989068874463584,4336,0.6666666666666665,0.3930139944805491,0.39903467589530317,0.36560555185000404,0.4837544936963689,0.11814894184636487,Random Forest
Palakanamardi,health,7.978846845648042,6.798612702432465,2708,0.8333333333333334,0.5606053447502113,0.5533512362995436,0.35699775263460276,0.5604960249274163,0.2034982722928136,Random Forest
Palakanamardi,livelihood,17.748816968739224,2.439254090173369,1781,0.1879244448951499,0.3556258984484518,0.3462676153557534,0.20095088754341806,0.40526003138494826,0.2043091438415302,Random Forest
Palakanamardi,roads_transport,3.752608730780752,14.10797740703075,455,0.3542293537421402,0.2914411477049941,0.2581120167654389,0.21942865159194638,0.37301087642032815,0.15358222482838177,Random Forest
Palakanamardi,sanitation,15.366740287159004,13.787648277533394,209,0.8333333333333334,0.6514976976050165,0.6279736521703823,0.3867359614582862,0.651497697597625,0.2647617361393388,Random Forest
Ramadurga,education,23.452755117142303,12.990958342506126,1215,0.5915015838154783,0.4955729493420208,0.5436824294740401,0.44221244010112193,0.5699092869083384,0.1276968468072165,Random Forest
Ramadurga,electricity_infra,10.65865743819514,12.158299961727494,423,0.4000000000000001,0.3419521053042516,0.3331936413434896,0.24988313198420972,0.434380639337845,0.18449750735363526,Random Forest
Ramadurga,health,24.6615791653066,5.651084549069111,4358,1.0,0.7430196798413266,0.7785115089729654,0.4734730549719021,0.8259244246772338,0.3524513697053317,Random Forest
Ramadurga,livelihood,11.03875732651376,12.437463310597716,4984,0.135437437430572,0.1745380878848803,0.18247732033263375,0.1745380602258487,0.34117976514142623,0.16664170491557753,Random Forest
Ramadurga,roads_transport,21.28156020835617,7.030397396924554,710,0.6065363477618514,0.5671766065602428,0.544717053384322,0.44881921194924695,0.5695422512362793,0.12072303928703237,Random Forest
Ramadurga,sanitation,8.288362654406242,0.8456324497639067,4813,1.0,0.6412386217703702,0.6082211158257291,0.3638515394525018,0.6411219536276497,0.27727041417514786,Random Forest
Shavantagera,education,17.909431134884976,8.015194125441946,1868,0.0625821714076017,0.2016620921998666,0.22857050815984667,0.16892709713069892,0.4051336756003478,0.23620657846964888,Random Forest
Shavantagera,electricity_infra,24.922647252699825,8.331475584039412,3836,0.3333333333333333,0.3495024506264444,0.4576311745756441,0.2905134540286123,0.5030096369309236,0.21249618290231131,Random Forest
Shavantagera,health,23.729611787295845,12.744710860161172,2248,0.8,0.6937818835378218,0.6509509037132285,0.4425035979033739,0.7100133897621913,0.2675097918588174,Random Forest
Shavantagera,livelihood,23.94317362695061,9.0926195167632,4744,0.4607226055640799,0.6498579654753749,0.5837551777849912,0.4281178812534698,0.6589359162220523,0.2308180349685825,Random Forest
Shavantagera,roads_transport,17.449115741334705,9.271923606868436,3619,0.2879305075236957,0.3432123316743567,0.34618701674137076,0.2539836827909718,0.391485000504504,0.13750131771353225,Random Forest
Shavantagera,sanitation,8.179467086582068,0.3327711304545244,449,0.6249999999999999,0.4129993767864977,0.39953780834673563,0.33734955716620113,0.4668415180856682,0.12949196091946708,Random Forest
Somanamaradi,education,13.967077120787248,11.58477587603459,4162,0.3718564322994598,0.4426413225259808,0.3917111946205722,0.3086397732614854,0.4418181887251595,0.1331784154636741,Random Forest
Somanamaradi,electricity_infra,9.078876514734135,12.245786028195935,435,0.0,0.138460249129899,0.10779035966144862,0.1016060520969881,0.3442568027323418,0.24265075063535374,Random Forest
Somanamaradi,health,14.901573345313883,13.149804039875177,2048,1.0,0.6896619319929135,0.6578668045996153,0.3742875672456929,0.7045074686381817,0.3302199013924888,Random Forest
Somanamaradi,livelihood,15.56898563416563,7.200689505277127,3478,0.1116746015134423,0.2647709616323824,0.25679205129882043,0.1673206380278359,0.351883954921489,0.1845633168936531,Random Forest
Somanamaradi,roads_transport,20.04737007071912,9.590420354613634,2322,0.0227351226499176,0.2644481988022706,0.24864036155323446,0.15236522256834678,0.4095405383950467,0.25717531582669995,Random Forest
Somanamaradi,sanitation,6.898175714704947,2.0455721338015467,1529,0.6249999999999999,0.338290387168624,0.3771519516839167,0.3383719371814096,0.43844486780904146,0.10007293062763184,Random Forest
