gp_name,sector,proposed_budget_lakh,sector_need_score,predicted_impact,allocation_impact_first_lakh,allocation_need_first_lakh,allocation_equity_first_lakh,allocation_balanced_lakh
Alkod,education,10.614422733489338,0.7001578824841364,0.423864955497744,9.02,9.02,8.97,9.44
Alkod,electricity_infra,15.7275536327692,0.0833333333333333,0.2861052667029575,5.89,5.85,10.1,6.83
Alkod,health,12.562724515214944,0.75,0.5193878240289862,9.31,9.31,9.25,9.22
Alkod,livelihood,18.285669289309045,0.3960348089084939,0.4214190612562674,7.94,7.94,8.21,7.93
Alkod,roads_transport,18.60597176213697,0.838557338435535,0.6571103000087959,17.36,17.43,9.26,17.41
Alkod,sanitation,6.181974245763314,0.8124999999999999,0.4572891224565317,5.27,5.27,3.53,5.65
Amarapur,education,16.06802269123046,0.1105460944343151,0.2542881732954243,2.41,2.41,8.08,7.86
Amarapur,electricity_infra,8.698270224554964,0.2916666666666667,0.2878123672093943,5.02,5.02,5.19,5.08
Amarapur,health,8.719326916310017,1.0,0.6176270845761525,8.41,8.41,5.69,8.43
Amarapur,livelihood,4.083947994254879,0.2817446622268985,0.2345753625953827,3.32,3.32,3.46,3.5
Amarapur,roads_transport,13.827392083513066,0.2224174364782657,0.2514587905675877,10.02,10.14,10.03,10.02
Amarapur,sanitation,21.77862935493537,0.5312499999999998,0.5553637324827192,10.42,10.42,14.73,13.8
Arkera,education,3.496186638661429,0.0923393050527872,0.0886280462759119,3.03,3.03,3.11,3.02
Arkera,electricity_infra,14.955629010447405,0.1666666666666666,0.2126984880237772,7.51,7.5,7.32,7.37
Arkera,health,7.310557989309427,0.5,0.3500175322393332,3.85,3.85,3.84,3.91
Arkera,livelihood,16.02992312900028,0.561199539089997,0.4815349759755419,13.83,12.44,13.04,13.75
Arkera,roads_transport,22.914369247811987,0.1884822381960289,0.3938848580117583,3.04,3.01,3.07,3.61
Arkera,sanitation,19.373312437306005,0.125,0.2429005106302018,10.35,10.35,10.34,10.34
B.Ganekal,education,14.574336424895431,0.0873524245656024,0.2499211559648416,9.35,9.35,11.42,8.95
B.Ganekal,electricity_infra,21.37254981568497,0.0,0.2315240801678449,7.35,7.35,7.92,8.1
B.Ganekal,health,22.581029059835924,0.8,0.6223830922037964,19.0,19.0,18.9,18.95
B.Ganekal,livelihood,4.035327547194148,0.3154915461130003,0.2420819437569936,2.43,2.43,2.34,2.43
B.Ganekal,roads_transport,24.10695656003503,0.0890339688683621,0.3488832372779267,10.88,10.88,11.03,11.2
B.Ganekal,sanitation,14.412919044948834,0.6249999999999999,0.4704720562893036,8.05,8.05,7.96,8.27
Bhumanagunda,education,8.347981186518497,0.125780199490933,0.1410444535798616,6.29,6.29,4.1,6.42
Bhumanagunda,electricity_infra,3.714664804634729,0.3333333333333333,0.2325569951275923,2.07,2.07,2.55,2.54
Bhumanagunda,health,8.750228018514877,1.0,0.6083911778791764,8.66,8.66,8.2,8.56
Bhumanagunda,livelihood,18.767164864942707,0.2004883640927215,0.3245474682549334,12.34,12.34,11.0,12.29
Bhumanagunda,roads_transport,10.24471175651827,0.1332331996806585,0.1582170057759265,5.52,5.51,5.69,5.57
Bhumanagunda,sanitation,16.33585691703383,0.6249999999999998,0.4775543369544381,12.54,12.55,7.6,15.07
Chinchodi,education,9.15259339946023,0.0880739996651603,0.1226594130232931,7.97,7.97,5.52,5.34
Chinchodi,electricity_infra,16.663821841169902,0.6222222222222222,0.499437855393284,14.58,14.58,9.98,10.5
Chinchodi,health,19.498056118188643,0.0,0.2238499412107539,0.62,0.58,8.58,1.82
Chinchodi,livelihood,13.357298716380988,0.2496486591831573,0.2142572103245082,6.48,6.48,6.47,6.48
Chinchodi,roads_transport,6.6395416537141125,0.0073889148612232,0.0699697617930465,4.6,4.6,4.69,4.66
Chinchodi,sanitation,14.955338155456824,0.25,0.2887879489497865,11.18,11.38,11.58,11.34
Dondambli,education,19.37767618649012,0.1903358212199068,0.3495336918024811,11.16,11.13,10.77,10.61
Dondambli,electricity_infra,17.980053459913204,0.654320987654321,0.5560676048393721,15.83,11.79,7.66,11.83
Dondambli,health,20.58676872998159,0.4444444444444445,0.5211618727740808,12.28,12.04,11.97,12.17
Dondambli,livelihood,12.500295121106936,0.1983525560554255,0.2186030532670554,6.95,2.95,7.05,7.29
Dondambli,roads_transport,22.52885696526949,0.131320109022149,0.2984624289992212,7.7,7.41,7.69,7.69
Dondambli,sanitation,4.808022958115487,0.6388888888888888,0.3964011337253615,3.18,4.07,3.38,3.19
Gabbur,education,4.531194264136565,0.0126385683780881,0.0531757696449313,2.28,2.28,2.47,2.37
Gabbur,electricity_infra,2.011968670892264,0.0,0.0388757456992521,1.09,1.09,1.09,1.09
Gabbur,health,2.159899002217386,0.0,0.0854421959662393,1.36,1.36,1.65,1.44
Gabbur,livelihood,13.151089341256611,0.4047024702545536,0.3544143675770613,7.37,7.36,7.43,7.29
Gabbur,roads_transport,7.614887011698806,0.0227351226499176,0.094037281313479,2.85,2.85,2.93,2.93
Gabbur,sanitation,13.93218430009742,0.25,0.2376414030880028,6.31,6.31,6.25,6.25
Galaga,education,24.35098790258209,0.089686549275463,0.3710532769646385,8.13,8.13,8.23,8.18
Galaga,electricity_infra,18.014998275315133,0.0,0.1982753441091933,6.01,5.99,6.28,6.01
Galaga,health,8.551331370681755,0.0,0.1084261644437704,6.05,6.05,6.15,6.15
Galaga,livelihood,24.462143984151016,0.2381283752648611,0.4367208501572138,0.3,0.3,6.23,0.08
Galaga,roads_transport,8.408868677442063,0.1884822381960289,0.1455220850508551,3.94,3.94,5.25,5.28
Galaga,sanitation,17.656225385759637,0.6249999999999999,0.5283771007339904,12.41,12.4,12.36,12.77
Ganadhal (Deodurga),education,24.66996044454381,0.0746882302368615,0.3695402944222545,12.3,12.3,12.14,15.43
Ganadhal (Deodurga),electricity_infra,19.517251152560505,0.6666666666666666,0.5203023807441685,12.35,12.53,12.49,13.12
Ganadhal (Deodurga),health,20.47221439673761,0.75,0.5542100013919684,10.61,9.84,10.63,10.61
Ganadhal (Deodurga),livelihood,11.17296217622472,0.3128617725114044,0.2761894367112358,5.76,5.77,5.77,5.78
Ganadhal (Deodurga),roads_transport,5.466503511204878,0.1884822381960289,0.1471909623443452,4.07,4.07,3.33,3.33
Ganadhal (Deodurga),sanitation,2.93782825575957,1.0,0.5557492462916684,2.72,2.8,2.72,2.72
Gugal,education,13.778140340883462,0.0481959358099399,0.2065347450674882,5.9,5.9,6.13,6.02
Gugal,electricity_infra,4.212060675102677,0.0,0.0326094566952209,2.59,2.59,2.54,2.52
Gugal,health,10.89491296491236,0.7142857142857143,0.4336833990215959,6.64,6.64,6.67,6.66
Gugal,livelihood,17.54087269190346,0.6256600961084072,0.517941176641013,11.13,11.13,10.68,10.66
Gugal,roads_transport,18.00304118493689,0.0227351226499176,0.2396231512902081,11.87,11.87,11.52,11.96
Gugal,sanitation,14.769618666787634,0.6249999999999999,0.4749346594782971,13.83,13.83,8.76,8.37
Hemanal,education,24.91383509443225,0.1710704827400805,0.4132356789985505,4.13,4.13,9.09,8.97
Hemanal,electricity_infra,22.7096153147566,0.3333333333333333,0.4640021293479449,3.64,3.64,2.57,4.53
Hemanal,health,8.414041109620182,0.888888888888889,0.5862424925539379,6.61,6.61,6.61,6.61
Hemanal,livelihood,22.633535978909272,0.3305217358772467,0.4573996083641187,16.83,16.87,16.86,16.84
Hemanal,roads_transport,22.41871227150208,0.3116573894230314,0.4650814434363908,13.34,13.28,15.19,14.85
Hemanal,sanitation,5.717460424176116,0.4583333333333332,0.3501644554048204,3.35,2.21,3.35,2.25
Hirebudur,education,15.355792293038457,0.017876418778634,0.18913750030926,10.0,10.0,8.5,6.07
Hirebudur,electricity_infra,24.3942682453723,0.4444444444444442,0.5468293914852811,13.69,13.69,12.85,13.31
Hirebudur,health,13.169116332483211,0.6666666666666666,0.4690468283419557,8.01,10.19,9.6,10.74
Hirebudur,livelihood,7.158194117592875,0.3396365811043506,0.2325193523903699,5.81,5.81,5.52,5.82
Hirebudur,roads_transport,9.484193057663155,0.2437312767113993,0.1499367484808087,6.28,6.28,6.5,4.3
Hirebudur,sanitation,17.125096522907896,0.7499999999999998,0.5320366361510365,13.05,13.08,13.31,13.3
Hosur Siddapur,education,13.70272376729148,0.1255930198338894,0.1767738689043979,7.7,7.84,7.42,7.98
Hosur Siddapur,electricity_infra,7.611761797718922,0.3999999999999999,0.3108372401629004,7.41,7.42,3.88,7.29
Hosur Siddapur,health,13.195069518067468,0.6,0.4614353761262759,9.94,9.94,10.08,10.09
Hosur Siddapur,livelihood,10.05180337697754,0.3772936703686994,0.3097013806355861,4.4,4.4,4.46,4.4
Hosur Siddapur,roads_transport,21.87585399665377,0.0890339688683621,0.3028201229574129,16.56,18.04,16.33,16.52
Hosur Siddapur,sanitation,8.457764336139682,0.6249999999999999,0.3974679405364581,8.0,8.0,4.84,4.76
Jagirajadaladinni,education,3.0028867503519763,0.2381863527278908,0.1439864845299195,2.7,2.7,1.6,2.68
Jagirajadaladinni,electricity_infra,23.94035727105951,0.2380952380952381,0.4284823047613735,16.38,16.38,17.3,18.73
Jagirajadaladinni,health,23.351326939517683,0.8571428571428571,0.6954236629040486,19.39,19.39,19.63,19.6
Jagirajadaladinni,livelihood,15.16272679092928,0.1785723398244874,0.2629723794125743,2.25,2.25,9.08,9.8
Jagirajadaladinni,roads_transport,8.77232451760047,0.1149880721153261,0.1261762936247007,4.44,4.44,4.67,4.49
Jagirajadaladinni,sanitation,9.289206118594386,0.7857142857142857,0.4761004036982539,7.74,7.83,4.33,7.97
Jalahalli,education,11.07790373661786,0.8740023843901905,0.5497491292087663,9.5,9.5,9.49,9.5
Jalahalli,electricity_infra,3.6195710095395097,1.0,0.5739100740052099,3.2,3.2,3.2,3.22
Jalahalli,health,24.771238552398056,1.0,0.772375807669927,21.69,21.69,15.93,16.4
Jalahalli,livelihood,8.791683533635592,0.6966661525654758,0.4299021516560611,6.76,6.76,6.56,6.73
Jalahalli,roads_transport,18.031362042891164,1.0,0.7001159281641889,14.3,14.3,14.64,14.63
Jalahalli,sanitation,11.65495969826436,1.0,0.6257928009889521,7.88,7.86,7.9,7.88
Jeerabandi,education,23.00453270879884,0.1546485687328115,0.309557184605138,7.7,8.9,13.48,7.73
Jeerabandi,electricity_infra,20.36078911623583,0.2962962962962963,0.373830312390648,8.78,8.78,7.58,7.33
Jeerabandi,health,3.1676762139061294,1.0,0.5664199472366831,2.36,2.36,2.39,2.38
Jeerabandi,livelihood,10.638407910718712,0.2557108541216921,0.2451035018723661,5.66,5.66,5.41,5.53
Jeerabandi,roads_transport,17.45660111178959,0.1085849863722313,0.3049554620963525,5.45,6.2,7.71,5.38
Jeerabandi,sanitation,14.480826598274264,0.3333333333333333,0.3901514122752247,9.58,9.27,9.18,9.65
K.Irabgera,education,2.8931988918767337,0.1597894343143197,0.1534063618446678,2.72,2.72,2.84,2.73
K.Irabgera,electricity_infra,9.51297856130894,0.4999999999999999,0.3662320788729651,8.15,8.15,7.96,8.19
K.Irabgera,health,24.200792098987705,0.0,0.2975342375163721,6.72,6.72,10.49,6.68
K.Irabgera,livelihood,6.470740781882079,0.3268545370289759,0.2258693290516458,6.16,6.16,5.59,6.14
K.Irabgera,roads_transport,24.29934794362565,0.0227351226499176,0.3234755270235997,8.81,8.97,8.81,8.81
K.Irabgera,sanitation,20.289282479680185,0.0208333333333333,0.2045870982577395,0.36,0.36,12.5,12.22
Karadigudda,education,19.11298078897965,0.0732360869717356,0.2552866373687859,11.82,11.82,11.07,10.66
Karadigudda,electricity_infra,3.8600782321955465,1.5419764230904953e-17,0.0355058058676997,3.73,3.73,3.19,3.11
Karadigudda,health,11.405917721528208,0.6666666666666666,0.4155190670414954,9.48,9.48,9.65,9.3
Karadigudda,livelihood,12.174101283815402,0.4470931727621947,0.4016087599077741,3.59,3.59,3.59,3.66
Karadigudda,roads_transport,6.2059179334680685,0.0227351226499176,0.0595059200069227,5.19,5.19,5.14,4.9
Karadigudda,sanitation,13.884013920811034,0.25,0.2454709984850963,6.09,6.09,6.26,6.08
Karigudda,education,16.0695771633901,0.1151008614269934,0.2506908420492,9.47,9.6,9.45,10.06
Karigudda,electricity_infra,15.018855841363754,0.3333333333333333,0.3875864678456066,9.8,13.58,9.86,9.85
Karigudda,health,9.863232334477235,0.0,0.1142419864748913,4.84,4.65,4.64,4.85
Karigudda,livelihood,2.936762453336313,0.3777301630566992,0.2548366233358439,2.79,2.79,2.92,2.85
Karigudda,roads_transport,6.0325962074547865,0.0176197200536861,0.0545628746022124,4.84,4.84,4.77,4.76
Karigudda,sanitation,20.55899847216793,0.25,0.3659516935379998,18.42,18.42,18.4,9.87
Koppar,education,16.944794700783557,0.057946320612647,0.2675126387302016,10.15,10.15,9.91,9.93
Koppar,electricity_infra,8.000553336859422,0.0476190476190476,0.1259427831039282,2.58,2.58,5.86,2.62
Koppar,health,13.572133947342016,0.4285714285714285,0.3742660899505614,9.08,9.08,6.48,11.07
Koppar,livelihood,17.731166696157246,0.4265310861066633,0.466531994643603,14.09,13.9,11.83,12.62
Koppar,roads_transport,16.77564339874526,0.3068730350146799,0.3923170502437921,15.96,15.96,9.23,8.35
Koppar,sanitation,16.63728274125826,0.2142857142857143,0.3053409527348705,9.2,9.2,9.21,9.15
Kothadoddi,education,10.927908302750003,0.2203267370109822,0.2069512006576275,5.52,5.52,5.8,5.52
Kothadoddi,electricity_infra,20.657696064928068,0.5999999999999999,0.5544265755867349,9.44,9.44,9.21,17.55
Kothadoddi,health,6.753740277165144,0.8,0.4867787554217166,6.03,6.03,6.03,6.01
Kothadoddi,livelihood,4.317894031680813,0.2750236003834212,0.2428058752119783,1.88,1.88,4.18,4.26
Kothadoddi,roads_transport,16.219839339771536,0.2836510246329214,0.3445885341424564,8.01,8.01,8.26,8.28
Kothadoddi,sanitation,9.33643949675651,0.7749999999999998,0.4848361846532277,6.9,6.87,6.88,7.95
Kyadigera,education,9.83436509767752,0.1126644554097408,0.1388343085994542,7.06,7.06,6.85,5.55
Kyadigera,electricity_infra,4.717791035298093,0.3333333333333333,0.2517269430285999,3.28,3.28,2.85,3.2
Kyadigera,health,23.542907492681262,0.0,0.2642736737735651,7.62,7.62,7.59,7.61
Kyadigera,livelihood,20.48006139885152,0.4597949159019118,0.490877048631283,16.84,16.82,17.21,14.74
Kyadigera,roads_transport,11.739831673086726,0.0227351226499176,0.1775651383727617,8.34,8.34,8.18,9.47
Kyadigera,sanitation,24.781618266015485,0.0,0.3272329106072695,6.18,6.23,7.2,7.75
Maladakal,education,9.83848142581941,0.2478525473070315,0.1499857898763174,5.43,5.43,5.85,6.49
Maladakal,electricity_infra,7.487727775177824,0.5555555555555556,0.3711173200913129,6.78,6.78,4.01,5.18
Maladakal,health,19.354486103947693,0.5,0.5038749195671606,16.21,16.21,17.09,15.75
Maladakal,livelihood,13.620804566300714,0.3488140643649312,0.3291585847256976,3.05,2.93,7.99,7.67
Maladakal,roads_transport,8.84560901371415,0.5084979253371946,0.3639757240411939,6.43,6.37,5.97,6.39
Maladakal,sanitation,24.046454428313563,1.0,0.7708791422336998,17.34,17.34,17.27,17.28
Malledevaragudda,education,9.344213664579542,0.0918789574895709,0.1228806322732835,0.57,0.57,4.93,4.98
Malledevaragudda,electricity_infra,16.532255879905385,0.6666666666666666,0.4724330907299386,15.29,15.34,10.58,13.85
Malledevaragudda,health,9.559284543508069,1.0,0.637217139608818,8.33,8.35,8.52,8.35
Malledevaragudda,livelihood,20.20631800569452,0.2580128266353332,0.3444850178443315,14.98,14.98,14.81,14.99
Malledevaragudda,roads_transport,23.41136943080773,0.1467738493052581,0.3101269464573654,3.22,3.22,12.46,0.67
Malledevaragudda,sanitation,3.285036557579051,0.425,0.2772628360764143,2.87,2.87,2.57,2.67
Masarkal,education,10.07104528869781,0.2630065413597404,0.2573700559640997,8.52,8.79,7.7,8.51
Masarkal,electricity_infra,16.219015456274004,0.5333333333333333,0.4773324395544233,12.91,12.91,13.14,12.86
Masarkal,health,11.800103926079643,0.4,0.3600774233879441,9.05,9.05,9.05,9.05
Masarkal,livelihood,22.51362890186586,0.4483126619693342,0.5096101724334645,20.63,20.63,11.67,11.17
Masarkal,roads_transport,7.364245665764139,0.2130726955237026,0.1550437433601694,3.11,1.64,3.29,3.35
Masarkal,sanitation,10.52476938253849,0.6249999999999999,0.4277450412955415,8.63,8.63,8.62,8.62
Mundaragi,education,22.876955246016564,0.0851522088396981,0.293195923332882,14.0,13.81,13.97,14.0
Mundaragi,electricity_infra,10.653970467211062,0.3333333333333333,0.3123039570759003,7.79,7.79,7.6,7.8
Mundaragi,health,14.843297743923516,0.6,0.4706213596856158,11.96,11.96,12.01,13.03
Mundaragi,livelihood,4.557542093041481,0.6104055475457595,0.3692112906183531,3.88,3.88,3.81,4.24
Mundaragi,roads_transport,11.319647995972591,0.0227351226499176,0.1691085856157054,8.12,8.12,7.93,6.85
Mundaragi,sanitation,4.703103675873413,0.3499999999999999,0.2481919017265717,3.75,3.8,3.75,3.8
Mustur,education,17.663906823228906,0.0757688174531479,0.283692183626165,7.69,7.69,12.26,7.56
Mustur,electricity_infra,10.622023329045192,0.0,0.1447158070007638,4.76,4.76,7.41,7.54
Mustur,health,14.15251278983581,0.9,0.6055455679672626,8.0,8.0,8.05,9.26
Mustur,livelihood,2.279552917865776,0.2416726196746394,0.1540650076871975,1.29,1.29,1.33,1.3
Mustur,roads_transport,9.421786930384425,0.1221833919775844,0.1254281041940017,3.75,3.77,3.57,3.58
Mustur,sanitation,24.838190310743908,0.6249999999999999,0.5580771713994223,19.07,19.07,12.64,12.46
Nagadadinni,education,17.994455831452893,0.2358418055612652,0.3736072525789665,13.26,13.28,12.95,12.95
Nagadadinni,electricity_infra,6.986609451489298,0.1666666666666667,0.1627760950118833,3.05,3.05,5.26,5.18
Nagadadinni,health,16.43383584193346,0.8333333333333334,0.6165885145711816,14.1,14.07,14.1,14.1
Nagadadinni,livelihood,18.953316234389444,0.6105176132743669,0.5259347731237713,12.63,12.62,12.47,15.23
Nagadadinni,roads_transport,23.85946413376085,0.1856126022082647,0.4128678142415339,6.69,6.69,5.32,5.37
Nagadadinni,sanitation,4.455389516525341,0.4374999999999999,0.2975918088420548,3.14,3.14,3.16,3.18
Palakanamardi,education,6.32678667364651,0.0800892739587163,0.0975388352961613,3.51,3.53,3.27,3.69
Palakanamardi,electricity_infra,7.276079151213842,0.6666666666666665,0.3990346758953031,6.27,6.27,5.56,5.89
Palakanamardi,health,7.978846845648042,0.8333333333333334,0.5533512362995436,6.96,7.41,7.37,6.98
Palakanamardi,livelihood,17.748816968739224,0.1879244448951499,0.3462676153557534,5.79,5.79,12.7,6.29
Palakanamardi,roads_transport,3.752608730780752,0.3542293537421402,0.2581120167654389,3.5,3.52,3.69,3.53
Palakanamardi,sanitation,15.366740287159004,0.8333333333333334,0.6279736521703823,12.23,12.23,9.4,11.62
Ramadurga,education,23.452755117142303,0.5915015838154783,0.5436824294740401,20.63,20.64,13.7,20.58
Ramadurga,electricity_infra,10.65865743819514,0.4000000000000001,0.3331936413434896,8.07,8.07,8.06,8.07
Ramadurga,health,24.6615791653066,1.0,0.7785115089729654,24.31,24.31,21.39,23.18
Ramadurga,livelihood,11.03875732651376,0.135437437430572,0.1824773203326337,5.45,5.45,5.7,5.47
Ramadurga,roads_transport,21.28156020835617,0.6065363477618514,0.544717053384322,9.3,9.25,9.59,9.57
Ramadurga,sanitation,8.288362654406242,1.0,0.6082211158257291,7.02,7.03,7.03,7.02
Shavantagera,education,17.909431134884976,0.0625821714076017,0.2285705081598466,0.63,0.63,1.98,0.04
Shavantagera,electricity_infra,24.922647252699825,0.3333333333333333,0.4576311745756441,14.81,14.81,13.22,14.79
Shavantagera,health,23.729611787295845,0.8,0.6509509037132285,22.65,22.65,10.14,19.24
Shavantagera,livelihood,23.94317362695061,0.4607226055640799,0.5837551777849912,18.09,18.09,16.9,18.54
Shavantagera,roads_transport,17.449115741334705,0.2879305075236957,0.3461870167413707,5.13,5.13,5.09,5.13
Shavantagera,sanitation,8.179467086582068,0.6249999999999999,0.3995378083467356,7.86,7.86,7.82,7.7
Somanamaradi,education,13.967077120787248,0.3718564322994598,0.3917111946205722,13.4,13.47,11.16,11.38
Somanamaradi,electricity_infra,9.078876514734135,0.0,0.1077903596614486,6.09,6.11,5.32,4.46
Somanamaradi,health,14.901573345313883,1.0,0.6578668045996153,11.78,11.81,10.93,10.86
Somanamaradi,livelihood,15.56898563416563,0.1116746015134423,0.2567920512988204,10.86,10.86,10.63,10.87
Somanamaradi,roads_transport,20.04737007071912,0.0227351226499176,0.2486403615532344,6.36,6.36,9.76,6.32
Somanamaradi,sanitation,6.898175714704947,0.6249999999999999,0.3771519516839167,6.67,6.67,6.67,6.67
