gp_name,sector,proposed_budget_lakh,allocation_balanced_lakh,sector_need_score,predicted_impact,uncertainty_width,top_driver,top_driver_shap_value,human_review_flag,input_data_version,preprocessing_summary,entropy_weights_ref,model_version,optimization_settings,human_reviewer,final_decision,reason_for_decision
Alkod,education,10.614422733489338,9.44,0.7001578824841364,0.423864955497744,0.1848956233847928,sector_need_score,0.1185,False,final_need_assessment.csv + phase2_final_predictions.csv (Phase 1-3 pipeline),"See notebooks 01-03: cleaning, GP-level join, education mapping",need_score_entropy_weights.csv,"Random Forest (tuned params: {'n_estimators': 200, 'min_samples_leaf': 2, 'max_depth': 15})","NSGA-II, pop_size=100, n_gen=80, scenario=Balanced",,,
Alkod,electricity_infra,15.7275536327692,6.83,0.0833333333333333,0.2861052667029575,0.1917172480638002,sector_need_score,-0.1325,False,final_need_assessment.csv + phase2_final_predictions.csv (Phase 1-3 pipeline),"See notebooks 01-03: cleaning, GP-level join, education mapping",need_score_entropy_weights.csv,"Random Forest (tuned params: {'n_estimators': 200, 'min_samples_leaf': 2, 'max_depth': 15})","NSGA-II, pop_size=100, n_gen=80, scenario=Balanced",,,
Alkod,health,12.562724515214944,9.22,0.75,0.5193878240289862,0.1969012173927836,sector_need_score,0.1387,False,final_need_assessment.csv + phase2_final_predictions.csv (Phase 1-3 pipeline),"See notebooks 01-03: cleaning, GP-level join, education mapping",need_score_entropy_weights.csv,"Random Forest (tuned params: {'n_estimators': 200, 'min_samples_leaf': 2, 'max_depth': 15})","NSGA-II, pop_size=100, n_gen=80, scenario=Balanced",,,
Alkod,livelihood,18.285669289309045,7.93,0.3960348089084939,0.4214190612562674,0.1926068194109643,proposed_budget_lakh,0.0594,False,final_need_assessment.csv + phase2_final_predictions.csv (Phase 1-3 pipeline),"See notebooks 01-03: cleaning, GP-level join, education mapping",need_score_entropy_weights.csv,"Random Forest (tuned params: {'n_estimators': 200, 'min_samples_leaf': 2, 'max_depth': 15})","NSGA-II, pop_size=100, n_gen=80, scenario=Balanced",,,
Alkod,roads_transport,18.60597176213697,17.41,0.838557338435535,0.6571103000087959,0.2430817747193905,sector_need_score,0.267,False,final_need_assessment.csv + phase2_final_predictions.csv (Phase 1-3 pipeline),"See notebooks 01-03: cleaning, GP-level join, education mapping",need_score_entropy_weights.csv,"Random Forest (tuned params: {'n_estimators': 200, 'min_samples_leaf': 2, 'max_depth': 15})","NSGA-II, pop_size=100, n_gen=80, scenario=Balanced",,,
Alkod,sanitation,6.181974245763314,5.65,0.8124999999999999,0.4572891224565317,0.1946731343640243,sector_need_score,0.2218,False,final_need_assessment.csv + phase2_final_predictions.csv (Phase 1-3 pipeline),"See notebooks 01-03: cleaning, GP-level join, education mapping",need_score_entropy_weights.csv,"Random Forest (tuned params: {'n_estimators': 200, 'min_samples_leaf': 2, 'max_depth': 15})","NSGA-II, pop_size=100, n_gen=80, scenario=Balanced",,,
Amarapur,education,16.06802269123046,7.86,0.1105460944343151,0.2542881732954243,0.1869284455094537,sector_need_score,-0.1333,False,final_need_assessment.csv + phase2_final_predictions.csv (Phase 1-3 pipeline),"See notebooks 01-03: cleaning, GP-level join, education mapping",need_score_entropy_weights.csv,"Random Forest (tuned params: {'n_estimators': 200, 'min_samples_leaf': 2, 'max_depth': 15})","NSGA-II, pop_size=100, n_gen=80, scenario=Balanced",,,
Amarapur,electricity_infra,8.698270224554964,5.08,0.2916666666666667,0.2878123672093943,0.1591174424108006,proposed_budget_lakh,-0.0517,False,final_need_assessment.csv + phase2_final_predictions.csv (Phase 1-3 pipeline),"See notebooks 01-03: cleaning, GP-level join, education mapping",need_score_entropy_weights.csv,"Random Forest (tuned params: {'n_estimators': 200, 'min_samples_leaf': 2, 'max_depth': 15})","NSGA-II, pop_size=100, n_gen=80, scenario=Balanced",,,
Amarapur,health,8.719326916310017,8.43,1.0,0.6176270845761525,0.314225993705941,sector_need_score,0.3033,True,final_need_assessment.csv + phase2_final_predictions.csv (Phase 1-3 pipeline),"See notebooks 01-03: cleaning, GP-level join, education mapping",need_score_entropy_weights.csv,"Random Forest (tuned params: {'n_estimators': 200, 'min_samples_leaf': 2, 'max_depth': 15})","NSGA-II, pop_size=100, n_gen=80, scenario=Balanced",,,
Amarapur,livelihood,4.083947994254879,3.5,0.2817446622268985,0.2345753625953827,0.1391817345956408,proposed_budget_lakh,-0.0721,False,final_need_assessment.csv + phase2_final_predictions.csv (Phase 1-3 pipeline),"See notebooks 01-03: cleaning, GP-level join, education mapping",need_score_entropy_weights.csv,"Random Forest (tuned params: {'n_estimators': 200, 'min_samples_leaf': 2, 'max_depth': 15})","NSGA-II, pop_size=100, n_gen=80, scenario=Balanced",,,
Amarapur,roads_transport,13.827392083513066,10.02,0.2224174364782657,0.2514587905675877,0.1975068366248397,sector_need_score,-0.1055,False,final_need_assessment.csv + phase2_final_predictions.csv (Phase 1-3 pipeline),"See notebooks 01-03: cleaning, GP-level join, education mapping",need_score_entropy_weights.csv,"Random Forest (tuned params: {'n_estimators': 200, 'min_samples_leaf': 2, 'max_depth': 15})","NSGA-II, pop_size=100, n_gen=80, scenario=Balanced",,,
Amarapur,sanitation,21.77862935493537,13.8,0.5312499999999998,0.5553637324827192,0.1185609051089481,sector_need_score,0.1061,False,final_need_assessment.csv + phase2_final_predictions.csv (Phase 1-3 pipeline),"See notebooks 01-03: cleaning, GP-level join, education mapping",need_score_entropy_weights.csv,"Random Forest (tuned params: {'n_estimators': 200, 'min_samples_leaf': 2, 'max_depth': 15})","NSGA-II, pop_size=100, n_gen=80, scenario=Balanced",,,
Arkera,education,3.496186638661429,3.02,0.0923393050527872,0.0886280462759119,0.2276951879985182,sector_need_score,-0.158,False,final_need_assessment.csv + phase2_final_predictions.csv (Phase 1-3 pipeline),"See notebooks 01-03: cleaning, GP-level join, education mapping",need_score_entropy_weights.csv,"Random Forest (tuned params: {'n_estimators': 200, 'min_samples_leaf': 2, 'max_depth': 15})","NSGA-II, pop_size=100, n_gen=80, scenario=Balanced",,,
Arkera,electricity_infra,14.955629010447405,7.37,0.1666666666666666,0.2126984880237772,0.1704772204808022,sector_need_score,-0.1267,False,final_need_assessment.csv + phase2_final_predictions.csv (Phase 1-3 pipeline),"See notebooks 01-03: cleaning, GP-level join, education mapping",need_score_entropy_weights.csv,"Random Forest (tuned params: {'n_estimators': 200, 'min_samples_leaf': 2, 'max_depth': 15})","NSGA-II, pop_size=100, n_gen=80, scenario=Balanced",,,
Arkera,health,7.310557989309427,3.91,0.5,0.3500175322393332,0.1232944795146652,sector_need_score,0.0882,False,final_need_assessment.csv + phase2_final_predictions.csv (Phase 1-3 pipeline),"See notebooks 01-03: cleaning, GP-level join, education mapping",need_score_entropy_weights.csv,"Random Forest (tuned params: {'n_estimators': 200, 'min_samples_leaf': 2, 'max_depth': 15})","NSGA-II, pop_size=100, n_gen=80, scenario=Balanced",,,
Arkera,livelihood,16.02992312900028,13.75,0.561199539089997,0.4815349759755419,0.1633421955828714,sector_need_score,0.097,False,final_need_assessment.csv + phase2_final_predictions.csv (Phase 1-3 pipeline),"See notebooks 01-03: cleaning, GP-level join, education mapping",need_score_entropy_weights.csv,"Random Forest (tuned params: {'n_estimators': 200, 'min_samples_leaf': 2, 'max_depth': 15})","NSGA-II, pop_size=100, n_gen=80, scenario=Balanced",,,
Arkera,roads_transport,22.914369247811987,3.61,0.1884822381960289,0.3938848580117583,0.2676311828560044,proposed_budget_lakh,0.1128,True,final_need_assessment.csv + phase2_final_predictions.csv (Phase 1-3 pipeline),"See notebooks 01-03: cleaning, GP-level join, education mapping",need_score_entropy_weights.csv,"Random Forest (tuned params: {'n_estimators': 200, 'min_samples_leaf': 2, 'max_depth': 15})","NSGA-II, pop_size=100, n_gen=80, scenario=Balanced",,,
Arkera,sanitation,19.373312437306005,10.34,0.125,0.2429005106302018,0.2302420665523584,sector_need_score,-0.1452,False,final_need_assessment.csv + phase2_final_predictions.csv (Phase 1-3 pipeline),"See notebooks 01-03: cleaning, GP-level join, education mapping",need_score_entropy_weights.csv,"Random Forest (tuned params: {'n_estimators': 200, 'min_samples_leaf': 2, 'max_depth': 15})","NSGA-II, pop_size=100, n_gen=80, scenario=Balanced",,,
B.Ganekal,education,14.574336424895431,8.95,0.0873524245656024,0.2499211559648416,0.1882705334935402,sector_need_score,-0.1397,False,final_need_assessment.csv + phase2_final_predictions.csv (Phase 1-3 pipeline),"See notebooks 01-03: cleaning, GP-level join, education mapping",need_score_entropy_weights.csv,"Random Forest (tuned params: {'n_estimators': 200, 'min_samples_leaf': 2, 'max_depth': 15})","NSGA-II, pop_size=100, n_gen=80, scenario=Balanced",,,
B.Ganekal,electricity_infra,21.37254981568497,8.1,0.0,0.2315240801678449,0.2798127382055349,sector_need_score,-0.1782,True,final_need_assessment.csv + phase2_final_predictions.csv (Phase 1-3 pipeline),"See notebooks 01-03: cleaning, GP-level join, education mapping",need_score_entropy_weights.csv,"Random Forest (tuned params: {'n_estimators': 200, 'min_samples_leaf': 2, 'max_depth': 15})","NSGA-II, pop_size=100, n_gen=80, scenario=Balanced",,,
B.Ganekal,health,22.581029059835924,18.95,0.8,0.6223830922037964,0.1855428642169546,sector_need_score,0.1939,False,final_need_assessment.csv + phase2_final_predictions.csv (Phase 1-3 pipeline),"See notebooks 01-03: cleaning, GP-level join, education mapping",need_score_entropy_weights.csv,"Random Forest (tuned params: {'n_estimators': 200, 'min_samples_leaf': 2, 'max_depth': 15})","NSGA-II, pop_size=100, n_gen=80, scenario=Balanced",,,
B.Ganekal,livelihood,4.035327547194148,2.43,0.3154915461130003,0.2420819437569936,0.1767684020214896,proposed_budget_lakh,-0.0765,False,final_need_assessment.csv + phase2_final_predictions.csv (Phase 1-3 pipeline),"See notebooks 01-03: cleaning, GP-level join, education mapping",need_score_entropy_weights.csv,"Random Forest (tuned params: {'n_estimators': 200, 'min_samples_leaf': 2, 'max_depth': 15})","NSGA-II, pop_size=100, n_gen=80, scenario=Balanced",,,
B.Ganekal,roads_transport,24.10695656003503,11.2,0.0890339688683621,0.3488832372779267,0.260532757095973,sector_need_score,-0.1405,True,final_need_assessment.csv + phase2_final_predictions.csv (Phase 1-3 pipeline),"See notebooks 01-03: cleaning, GP-level join, education mapping",need_score_entropy_weights.csv,"Random Forest (tuned params: {'n_estimators': 200, 'min_samples_leaf': 2, 'max_depth': 15})","NSGA-II, pop_size=100, n_gen=80, scenario=Balanced",,,
B.Ganekal,sanitation,14.412919044948834,8.27,0.6249999999999999,0.4704720562893036,0.1152018308700939,sector_need_score,0.1095,False,final_need_assessment.csv + phase2_final_predictions.csv (Phase 1-3 pipeline),"See notebooks 01-03: cleaning, GP-level join, education mapping",need_score_entropy_weights.csv,"Random Forest (tuned params: {'n_estimators': 200, 'min_samples_leaf': 2, 'max_depth': 15})","NSGA-II, pop_size=100, n_gen=80, scenario=Balanced",,,
Bhumanagunda,education,8.347981186518497,6.42,0.125780199490933,0.1410444535798616,0.1970919422736353,sector_need_score,-0.1474,False,final_need_assessment.csv + phase2_final_predictions.csv (Phase 1-3 pipeline),"See notebooks 01-03: cleaning, GP-level join, education mapping",need_score_entropy_weights.csv,"Random Forest (tuned params: {'n_estimators': 200, 'min_samples_leaf': 2, 'max_depth': 15})","NSGA-II, pop_size=100, n_gen=80, scenario=Balanced",,,
Bhumanagunda,electricity_infra,3.714664804634729,2.54,0.3333333333333333,0.2325569951275923,0.1833699615583694,proposed_budget_lakh,-0.0793,False,final_need_assessment.csv + phase2_final_predictions.csv (Phase 1-3 pipeline),"See notebooks 01-03: cleaning, GP-level join, education mapping",need_score_entropy_weights.csv,"Random Forest (tuned params: {'n_estimators': 200, 'min_samples_leaf': 2, 'max_depth': 15})","NSGA-II, pop_size=100, n_gen=80, scenario=Balanced",,,
Bhumanagunda,health,8.750228018514877,8.56,1.0,0.6083911778791764,0.3101997381479956,sector_need_score,0.3025,True,final_need_assessment.csv + phase2_final_predictions.csv (Phase 1-3 pipeline),"See notebooks 01-03: cleaning, GP-level join, education mapping",need_score_entropy_weights.csv,"Random Forest (tuned params: {'n_estimators': 200, 'min_samples_leaf': 2, 'max_depth': 15})","NSGA-II, pop_size=100, n_gen=80, scenario=Balanced",,,
Bhumanagunda,livelihood,18.767164864942707,12.29,0.2004883640927215,0.3245474682549334,0.2063088979449257,sector_need_score,-0.0915,False,final_need_assessment.csv + phase2_final_predictions.csv (Phase 1-3 pipeline),"See notebooks 01-03: cleaning, GP-level join, education mapping",need_score_entropy_weights.csv,"Random Forest (tuned params: {'n_estimators': 200, 'min_samples_leaf': 2, 'max_depth': 15})","NSGA-II, pop_size=100, n_gen=80, scenario=Balanced",,,
Bhumanagunda,roads_transport,10.24471175651827,5.57,0.1332331996806585,0.1582170057759265,0.1990299445346628,sector_need_score,-0.1418,False,final_need_assessment.csv + phase2_final_predictions.csv (Phase 1-3 pipeline),"See notebooks 01-03: cleaning, GP-level join, education mapping",need_score_entropy_weights.csv,"Random Forest (tuned params: {'n_estimators': 200, 'min_samples_leaf': 2, 'max_depth': 15})","NSGA-II, pop_size=100, n_gen=80, scenario=Balanced",,,
Bhumanagunda,sanitation,16.33585691703383,15.07,0.6249999999999998,0.4775543369544381,0.0855625705663405,sector_need_score,0.1046,False,final_need_assessment.csv + phase2_final_predictions.csv (Phase 1-3 pipeline),"See notebooks 01-03: cleaning, GP-level join, education mapping",need_score_entropy_weights.csv,"Random Forest (tuned params: {'n_estimators': 200, 'min_samples_leaf': 2, 'max_depth': 15})","NSGA-II, pop_size=100, n_gen=80, scenario=Balanced",,,
Chinchodi,education,9.15259339946023,5.34,0.0880739996651603,0.1226594130232931,0.2212410167244475,sector_need_score,-0.1603,False,final_need_assessment.csv + phase2_final_predictions.csv (Phase 1-3 pipeline),"See notebooks 01-03: cleaning, GP-level join, education mapping",need_score_entropy_weights.csv,"Random Forest (tuned params: {'n_estimators': 200, 'min_samples_leaf': 2, 'max_depth': 15})","NSGA-II, pop_size=100, n_gen=80, scenario=Balanced",,,
Chinchodi,electricity_infra,16.663821841169902,10.5,0.6222222222222222,0.499437855393284,0.0478821804983403,sector_need_score,0.1085,False,final_need_assessment.csv + phase2_final_predictions.csv (Phase 1-3 pipeline),"See notebooks 01-03: cleaning, GP-level join, education mapping",need_score_entropy_weights.csv,"Random Forest (tuned params: {'n_estimators': 200, 'min_samples_leaf': 2, 'max_depth': 15})","NSGA-II, pop_size=100, n_gen=80, scenario=Balanced",,,
Chinchodi,health,19.498056118188643,1.82,0.0,0.2238499412107539,0.2735769761376341,sector_need_score,-0.1814,True,final_need_assessment.csv + phase2_final_predictions.csv (Phase 1-3 pipeline),"See notebooks 01-03: cleaning, GP-level join, education mapping",need_score_entropy_weights.csv,"Random Forest (tuned params: {'n_estimators': 200, 'min_samples_leaf': 2, 'max_depth': 15})","NSGA-II, pop_size=100, n_gen=80, scenario=Balanced",,,
Chinchodi,livelihood,13.357298716380988,6.48,0.2496486591831573,0.2142572103245082,0.2114796612401074,sector_need_score,-0.0939,False,final_need_assessment.csv + phase2_final_predictions.csv (Phase 1-3 pipeline),"See notebooks 01-03: cleaning, GP-level join, education mapping",need_score_entropy_weights.csv,"Random Forest (tuned params: {'n_estimators': 200, 'min_samples_leaf': 2, 'max_depth': 15})","NSGA-II, pop_size=100, n_gen=80, scenario=Balanced",,,
Chinchodi,roads_transport,6.6395416537141125,4.66,0.0073889148612232,0.0699697617930465,0.2216657128420691,sector_need_score,-0.1903,False,final_need_assessment.csv + phase2_final_predictions.csv (Phase 1-3 pipeline),"See notebooks 01-03: cleaning, GP-level join, education mapping",need_score_entropy_weights.csv,"Random Forest (tuned params: {'n_estimators': 200, 'min_samples_leaf': 2, 'max_depth': 15})","NSGA-II, pop_size=100, n_gen=80, scenario=Balanced",,,
Chinchodi,sanitation,14.955338155456824,11.34,0.25,0.2887879489497865,0.1696747707543723,sector_need_score,-0.0841,False,final_need_assessment.csv + phase2_final_predictions.csv (Phase 1-3 pipeline),"See notebooks 01-03: cleaning, GP-level join, education mapping",need_score_entropy_weights.csv,"Random Forest (tuned params: {'n_estimators': 200, 'min_samples_leaf': 2, 'max_depth': 15})","NSGA-II, pop_size=100, n_gen=80, scenario=Balanced",,,
Dondambli,education,19.37767618649012,10.61,0.1903358212199068,0.3495336918024811,0.2075219185920379,sector_need_score,-0.0866,False,final_need_assessment.csv + phase2_final_predictions.csv (Phase 1-3 pipeline),"See notebooks 01-03: cleaning, GP-level join, education mapping",need_score_entropy_weights.csv,"Random Forest (tuned params: {'n_estimators': 200, 'min_samples_leaf': 2, 'max_depth': 15})","NSGA-II, pop_size=100, n_gen=80, scenario=Balanced",,,
Dondambli,electricity_infra,17.980053459913204,11.83,0.654320987654321,0.5560676048393721,0.1399547154906354,sector_need_score,0.1242,False,final_need_assessment.csv + phase2_final_predictions.csv (Phase 1-3 pipeline),"See notebooks 01-03: cleaning, GP-level join, education mapping",need_score_entropy_weights.csv,"Random Forest (tuned params: {'n_estimators': 200, 'min_samples_leaf': 2, 'max_depth': 15})","NSGA-II, pop_size=100, n_gen=80, scenario=Balanced",,,
Dondambli,health,20.58676872998159,12.17,0.4444444444444445,0.5211618727740808,0.1277459751749691,sector_need_score,0.0921,False,final_need_assessment.csv + phase2_final_predictions.csv (Phase 1-3 pipeline),"See notebooks 01-03: cleaning, GP-level join, education mapping",need_score_entropy_weights.csv,"Random Forest (tuned params: {'n_estimators': 200, 'min_samples_leaf': 2, 'max_depth': 15})","NSGA-II, pop_size=100, n_gen=80, scenario=Balanced",,,
Dondambli,livelihood,12.500295121106936,7.29,0.1983525560554255,0.2186030532670554,0.1908193570230374,sector_need_score,-0.1094,False,final_need_assessment.csv + phase2_final_predictions.csv (Phase 1-3 pipeline),"See notebooks 01-03: cleaning, GP-level join, education mapping",need_score_entropy_weights.csv,"Random Forest (tuned params: {'n_estimators': 200, 'min_samples_leaf': 2, 'max_depth': 15})","NSGA-II, pop_size=100, n_gen=80, scenario=Balanced",,,
Dondambli,roads_transport,22.52885696526949,7.69,0.131320109022149,0.2984624289992212,0.2659695464039529,sector_need_score,-0.1393,True,final_need_assessment.csv + phase2_final_predictions.csv (Phase 1-3 pipeline),"See notebooks 01-03: cleaning, GP-level join, education mapping",need_score_entropy_weights.csv,"Random Forest (tuned params: {'n_estimators': 200, 'min_samples_leaf': 2, 'max_depth': 15})","NSGA-II, pop_size=100, n_gen=80, scenario=Balanced",,,
Dondambli,sanitation,4.808022958115487,3.19,0.6388888888888888,0.3964011337253615,0.1013774693003951,sector_need_score,0.1196,False,final_need_assessment.csv + phase2_final_predictions.csv (Phase 1-3 pipeline),"See notebooks 01-03: cleaning, GP-level join, education mapping",need_score_entropy_weights.csv,"Random Forest (tuned params: {'n_estimators': 200, 'min_samples_leaf': 2, 'max_depth': 15})","NSGA-II, pop_size=100, n_gen=80, scenario=Balanced",,,
Gabbur,education,4.531194264136565,2.37,0.0126385683780881,0.0531757696449313,0.2739237998093294,sector_need_score,-0.1936,True,final_need_assessment.csv + phase2_final_predictions.csv (Phase 1-3 pipeline),"See notebooks 01-03: cleaning, GP-level join, education mapping",need_score_entropy_weights.csv,"Random Forest (tuned params: {'n_estimators': 200, 'min_samples_leaf': 2, 'max_depth': 15})","NSGA-II, pop_size=100, n_gen=80, scenario=Balanced",,,
Gabbur,electricity_infra,2.011968670892264,1.09,0.0,0.0388757456992521,0.2976130238656407,sector_need_score,-0.1991,True,final_need_assessment.csv + phase2_final_predictions.csv (Phase 1-3 pipeline),"See notebooks 01-03: cleaning, GP-level join, education mapping",need_score_entropy_weights.csv,"Random Forest (tuned params: {'n_estimators': 200, 'min_samples_leaf': 2, 'max_depth': 15})","NSGA-II, pop_size=100, n_gen=80, scenario=Balanced",,,
Gabbur,health,2.159899002217386,1.44,0.0,0.0854421959662393,0.2112479709934007,sector_need_score,-0.1916,False,final_need_assessment.csv + phase2_final_predictions.csv (Phase 1-3 pipeline),"See notebooks 01-03: cleaning, GP-level join, education mapping",need_score_entropy_weights.csv,"Random Forest (tuned params: {'n_estimators': 200, 'min_samples_leaf': 2, 'max_depth': 15})","NSGA-II, pop_size=100, n_gen=80, scenario=Balanced",,,
Gabbur,livelihood,13.151089341256611,7.29,0.4047024702545536,0.3544143675770613,0.143067982570399,sector_need_score,-0.005,False,final_need_assessment.csv + phase2_final_predictions.csv (Phase 1-3 pipeline),"See notebooks 01-03: cleaning, GP-level join, education mapping",need_score_entropy_weights.csv,"Random Forest (tuned params: {'n_estimators': 200, 'min_samples_leaf': 2, 'max_depth': 15})","NSGA-II, pop_size=100, n_gen=80, scenario=Balanced",,,
Gabbur,roads_transport,7.614887011698806,2.93,0.0227351226499176,0.094037281313479,0.2319425497538632,sector_need_score,-0.173,False,final_need_assessment.csv + phase2_final_predictions.csv (Phase 1-3 pipeline),"See notebooks 01-03: cleaning, GP-level join, education mapping",need_score_entropy_weights.csv,"Random Forest (tuned params: {'n_estimators': 200, 'min_samples_leaf': 2, 'max_depth': 15})","NSGA-II, pop_size=100, n_gen=80, scenario=Balanced",,,
Gabbur,sanitation,13.93218430009742,6.25,0.25,0.2376414030880028,0.1999265917038887,sector_need_score,-0.0901,False,final_need_assessment.csv + phase2_final_predictions.csv (Phase 1-3 pipeline),"See notebooks 01-03: cleaning, GP-level join, education mapping",need_score_entropy_weights.csv,"Random Forest (tuned params: {'n_estimators': 200, 'min_samples_leaf': 2, 'max_depth': 15})","NSGA-II, pop_size=100, n_gen=80, scenario=Balanced",,,
Galaga,education,24.35098790258209,8.18,0.089686549275463,0.3710532769646385,0.2635356735165708,sector_need_score,-0.1346,True,final_need_assessment.csv + phase2_final_predictions.csv (Phase 1-3 pipeline),"See notebooks 01-03: cleaning, GP-level join, education mapping",need_score_entropy_weights.csv,"Random Forest (tuned params: {'n_estimators': 200, 'min_samples_leaf': 2, 'max_depth': 15})","NSGA-II, pop_size=100, n_gen=80, scenario=Balanced",,,
Galaga,electricity_infra,18.014998275315133,6.01,0.0,0.1982753441091933,0.2706197036415144,sector_need_score,-0.1829,True,final_need_assessment.csv + phase2_final_predictions.csv (Phase 1-3 pipeline),"See notebooks 01-03: cleaning, GP-level join, education mapping",need_score_entropy_weights.csv,"Random Forest (tuned params: {'n_estimators': 200, 'min_samples_leaf': 2, 'max_depth': 15})","NSGA-II, pop_size=100, n_gen=80, scenario=Balanced",,,
Galaga,health,8.551331370681755,6.15,0.0,0.1084261644437704,0.2205268136239814,sector_need_score,-0.1822,False,final_need_assessment.csv + phase2_final_predictions.csv (Phase 1-3 pipeline),"See notebooks 01-03: cleaning, GP-level join, education mapping",need_score_entropy_weights.csv,"Random Forest (tuned params: {'n_estimators': 200, 'min_samples_leaf': 2, 'max_depth': 15})","NSGA-II, pop_size=100, n_gen=80, scenario=Balanced",,,
Galaga,livelihood,24.462143984151016,0.08,0.2381283752648611,0.4367208501572138,0.2591915683656687,proposed_budget_lakh,0.1389,True,final_need_assessment.csv + phase2_final_predictions.csv (Phase 1-3 pipeline),"See notebooks 01-03: cleaning, GP-level join, education mapping",need_score_entropy_weights.csv,"Random Forest (tuned params: {'n_estimators': 200, 'min_samples_leaf': 2, 'max_depth': 15})","NSGA-II, pop_size=100, n_gen=80, scenario=Balanced",,,
Galaga,roads_transport,8.408868677442063,5.28,0.1884822381960289,0.1455220850508551,0.1726666416095741,sector_need_score,-0.124,False,final_need_assessment.csv + phase2_final_predictions.csv (Phase 1-3 pipeline),"See notebooks 01-03: cleaning, GP-level join, education mapping",need_score_entropy_weights.csv,"Random Forest (tuned params: {'n_estimators': 200, 'min_samples_leaf': 2, 'max_depth': 15})","NSGA-II, pop_size=100, n_gen=80, scenario=Balanced",,,
Galaga,sanitation,17.656225385759637,12.77,0.6249999999999999,0.5283771007339904,0.0592547350867832,sector_need_score,0.1164,False,final_need_assessment.csv + phase2_final_predictions.csv (Phase 1-3 pipeline),"See notebooks 01-03: cleaning, GP-level join, education mapping",need_score_entropy_weights.csv,"Random Forest (tuned params: {'n_estimators': 200, 'min_samples_leaf': 2, 'max_depth': 15})","NSGA-II, pop_size=100, n_gen=80, scenario=Balanced",,,
Ganadhal (Deodurga),education,24.66996044454381,15.43,0.0746882302368615,0.3695402944222545,0.2622782682587833,sector_need_score,-0.1362,True,final_need_assessment.csv + phase2_final_predictions.csv (Phase 1-3 pipeline),"See notebooks 01-03: cleaning, GP-level join, education mapping",need_score_entropy_weights.csv,"Random Forest (tuned params: {'n_estimators': 200, 'min_samples_leaf': 2, 'max_depth': 15})","NSGA-II, pop_size=100, n_gen=80, scenario=Balanced",,,
Ganadhal (Deodurga),electricity_infra,19.517251152560505,13.12,0.6666666666666666,0.5203023807441685,0.1532034099984481,sector_need_score,0.1168,False,final_need_assessment.csv + phase2_final_predictions.csv (Phase 1-3 pipeline),"See notebooks 01-03: cleaning, GP-level join, education mapping",need_score_entropy_weights.csv,"Random Forest (tuned params: {'n_estimators': 200, 'min_samples_leaf': 2, 'max_depth': 15})","NSGA-II, pop_size=100, n_gen=80, scenario=Balanced",,,
Ganadhal (Deodurga),health,20.47221439673761,10.61,0.75,0.5542100013919684,0.1584176076949761,sector_need_score,0.1281,False,final_need_assessment.csv + phase2_final_predictions.csv (Phase 1-3 pipeline),"See notebooks 01-03: cleaning, GP-level join, education mapping",need_score_entropy_weights.csv,"Random Forest (tuned params: {'n_estimators': 200, 'min_samples_leaf': 2, 'max_depth': 15})","NSGA-II, pop_size=100, n_gen=80, scenario=Balanced",,,
Ganadhal (Deodurga),livelihood,11.17296217622472,5.78,0.3128617725114044,0.2761894367112358,0.20861645782113,sector_need_score,-0.0361,False,final_need_assessment.csv + phase2_final_predictions.csv (Phase 1-3 pipeline),"See notebooks 01-03: cleaning, GP-level join, education mapping",need_score_entropy_weights.csv,"Random Forest (tuned params: {'n_estimators': 200, 'min_samples_leaf': 2, 'max_depth': 15})","NSGA-II, pop_size=100, n_gen=80, scenario=Balanced",,,
Ganadhal (Deodurga),roads_transport,5.466503511204878,3.33,0.1884822381960289,0.1471909623443452,0.1569668037052644,sector_need_score,-0.1147,False,final_need_assessment.csv + phase2_final_predictions.csv (Phase 1-3 pipeline),"See notebooks 01-03: cleaning, GP-level join, education mapping",need_score_entropy_weights.csv,"Random Forest (tuned params: {'n_estimators': 200, 'min_samples_leaf': 2, 'max_depth': 15})","NSGA-II, pop_size=100, n_gen=80, scenario=Balanced",,,
Ganadhal (Deodurga),sanitation,2.93782825575957,2.72,1.0,0.5557492462916684,0.2812776815372159,sector_need_score,0.2917,True,final_need_assessment.csv + phase2_final_predictions.csv (Phase 1-3 pipeline),"See notebooks 01-03: cleaning, GP-level join, education mapping",need_score_entropy_weights.csv,"Random Forest (tuned params: {'n_estimators': 200, 'min_samples_leaf': 2, 'max_depth': 15})","NSGA-II, pop_size=100, n_gen=80, scenario=Balanced",,,
Gugal,education,13.778140340883462,6.02,0.0481959358099399,0.2065347450674882,0.2336854517252928,sector_need_score,-0.1506,False,final_need_assessment.csv + phase2_final_predictions.csv (Phase 1-3 pipeline),"See notebooks 01-03: cleaning, GP-level join, education mapping",need_score_entropy_weights.csv,"Random Forest (tuned params: {'n_estimators': 200, 'min_samples_leaf': 2, 'max_depth': 15})","NSGA-II, pop_size=100, n_gen=80, scenario=Balanced",,,
Gugal,electricity_infra,4.212060675102677,2.52,0.0,0.0326094566952209,0.2798389642712217,sector_need_score,-0.1991,True,final_need_assessment.csv + phase2_final_predictions.csv (Phase 1-3 pipeline),"See notebooks 01-03: cleaning, GP-level join, education mapping",need_score_entropy_weights.csv,"Random Forest (tuned params: {'n_estimators': 200, 'min_samples_leaf': 2, 'max_depth': 15})","NSGA-II, pop_size=100, n_gen=80, scenario=Balanced",,,
Gugal,health,10.89491296491236,6.66,0.7142857142857143,0.4336833990215959,0.1802570862298588,sector_need_score,0.1193,False,final_need_assessment.csv + phase2_final_predictions.csv (Phase 1-3 pipeline),"See notebooks 01-03: cleaning, GP-level join, education mapping",need_score_entropy_weights.csv,"Random Forest (tuned params: {'n_estimators': 200, 'min_samples_leaf': 2, 'max_depth': 15})","NSGA-II, pop_size=100, n_gen=80, scenario=Balanced",,,
Gugal,livelihood,17.54087269190346,10.66,0.6256600961084072,0.517941176641013,0.0433563918591507,sector_need_score,0.1148,False,final_need_assessment.csv + phase2_final_predictions.csv (Phase 1-3 pipeline),"See notebooks 01-03: cleaning, GP-level join, education mapping",need_score_entropy_weights.csv,"Random Forest (tuned params: {'n_estimators': 200, 'min_samples_leaf': 2, 'max_depth': 15})","NSGA-II, pop_size=100, n_gen=80, scenario=Balanced",,,
Gugal,roads_transport,18.00304118493689,11.96,0.0227351226499176,0.2396231512902081,0.257807655944551,sector_need_score,-0.1655,True,final_need_assessment.csv + phase2_final_predictions.csv (Phase 1-3 pipeline),"See notebooks 01-03: cleaning, GP-level join, education mapping",need_score_entropy_weights.csv,"Random Forest (tuned params: {'n_estimators': 200, 'min_samples_leaf': 2, 'max_depth': 15})","NSGA-II, pop_size=100, n_gen=80, scenario=Balanced",,,
Gugal,sanitation,14.769618666787634,8.37,0.6249999999999999,0.4749346594782971,0.1136778429304681,sector_need_score,0.1102,False,final_need_assessment.csv + phase2_final_predictions.csv (Phase 1-3 pipeline),"See notebooks 01-03: cleaning, GP-level join, education mapping",need_score_entropy_weights.csv,"Random Forest (tuned params: {'n_estimators': 200, 'min_samples_leaf': 2, 'max_depth': 15})","NSGA-II, pop_size=100, n_gen=80, scenario=Balanced",,,
Hemanal,education,24.91383509443225,8.97,0.1710704827400805,0.4132356789985505,0.2580896748335811,proposed_budget_lakh,0.1368,True,final_need_assessment.csv + phase2_final_predictions.csv (Phase 1-3 pipeline),"See notebooks 01-03: cleaning, GP-level join, education mapping",need_score_entropy_weights.csv,"Random Forest (tuned params: {'n_estimators': 200, 'min_samples_leaf': 2, 'max_depth': 15})","NSGA-II, pop_size=100, n_gen=80, scenario=Balanced",,,
Hemanal,electricity_infra,22.7096153147566,4.53,0.3333333333333333,0.4640021293479449,0.2707675505397272,proposed_budget_lakh,0.0997,True,final_need_assessment.csv + phase2_final_predictions.csv (Phase 1-3 pipeline),"See notebooks 01-03: cleaning, GP-level join, education mapping",need_score_entropy_weights.csv,"Random Forest (tuned params: {'n_estimators': 200, 'min_samples_leaf': 2, 'max_depth': 15})","NSGA-II, pop_size=100, n_gen=80, scenario=Balanced",,,
Hemanal,health,8.414041109620182,6.61,0.888888888888889,0.5862424925539379,0.2497396223626224,sector_need_score,0.2986,True,final_need_assessment.csv + phase2_final_predictions.csv (Phase 1-3 pipeline),"See notebooks 01-03: cleaning, GP-level join, education mapping",need_score_entropy_weights.csv,"Random Forest (tuned params: {'n_estimators': 200, 'min_samples_leaf': 2, 'max_depth': 15})","NSGA-II, pop_size=100, n_gen=80, scenario=Balanced",,,
Hemanal,livelihood,22.633535978909272,16.84,0.3305217358772467,0.4573996083641187,0.25800721315904,proposed_budget_lakh,0.0998,True,final_need_assessment.csv + phase2_final_predictions.csv (Phase 1-3 pipeline),"See notebooks 01-03: cleaning, GP-level join, education mapping",need_score_entropy_weights.csv,"Random Forest (tuned params: {'n_estimators': 200, 'min_samples_leaf': 2, 'max_depth': 15})","NSGA-II, pop_size=100, n_gen=80, scenario=Balanced",,,
Hemanal,roads_transport,22.41871227150208,14.85,0.3116573894230314,0.4650814434363908,0.2920082215110918,proposed_budget_lakh,0.1006,True,final_need_assessment.csv + phase2_final_predictions.csv (Phase 1-3 pipeline),"See notebooks 01-03: cleaning, GP-level join, education mapping",need_score_entropy_weights.csv,"Random Forest (tuned params: {'n_estimators': 200, 'min_samples_leaf': 2, 'max_depth': 15})","NSGA-II, pop_size=100, n_gen=80, scenario=Balanced",,,
Hemanal,sanitation,5.717460424176116,2.25,0.4583333333333332,0.3501644554048204,0.1137850974764146,sector_need_score,0.0892,False,final_need_assessment.csv + phase2_final_predictions.csv (Phase 1-3 pipeline),"See notebooks 01-03: cleaning, GP-level join, education mapping",need_score_entropy_weights.csv,"Random Forest (tuned params: {'n_estimators': 200, 'min_samples_leaf': 2, 'max_depth': 15})","NSGA-II, pop_size=100, n_gen=80, scenario=Balanced",,,
Hirebudur,education,15.355792293038457,6.07,0.017876418778634,0.18913750030926,0.2244662617717427,sector_need_score,-0.1683,False,final_need_assessment.csv + phase2_final_predictions.csv (Phase 1-3 pipeline),"See notebooks 01-03: cleaning, GP-level join, education mapping",need_score_entropy_weights.csv,"Random Forest (tuned params: {'n_estimators': 200, 'min_samples_leaf': 2, 'max_depth': 15})","NSGA-II, pop_size=100, n_gen=80, scenario=Balanced",,,
Hirebudur,electricity_infra,24.3942682453723,13.31,0.4444444444444442,0.5468293914852811,0.2011142242469021,proposed_budget_lakh,0.1107,False,final_need_assessment.csv + phase2_final_predictions.csv (Phase 1-3 pipeline),"See notebooks 01-03: cleaning, GP-level join, education mapping",need_score_entropy_weights.csv,"Random Forest (tuned params: {'n_estimators': 200, 'min_samples_leaf': 2, 'max_depth': 15})","NSGA-II, pop_size=100, n_gen=80, scenario=Balanced",,,
Hirebudur,health,13.169116332483211,10.74,0.6666666666666666,0.4690468283419557,0.1840112188334733,sector_need_score,0.1204,False,final_need_assessment.csv + phase2_final_predictions.csv (Phase 1-3 pipeline),"See notebooks 01-03: cleaning, GP-level join, education mapping",need_score_entropy_weights.csv,"Random Forest (tuned params: {'n_estimators': 200, 'min_samples_leaf': 2, 'max_depth': 15})","NSGA-II, pop_size=100, n_gen=80, scenario=Balanced",,,
Hirebudur,livelihood,7.158194117592875,5.82,0.3396365811043506,0.2325193523903699,0.1474401510890934,proposed_budget_lakh,-0.0721,False,final_need_assessment.csv + phase2_final_predictions.csv (Phase 1-3 pipeline),"See notebooks 01-03: cleaning, GP-level join, education mapping",need_score_entropy_weights.csv,"Random Forest (tuned params: {'n_estimators': 200, 'min_samples_leaf': 2, 'max_depth': 15})","NSGA-II, pop_size=100, n_gen=80, scenario=Balanced",,,
Hirebudur,roads_transport,9.484193057663155,4.3,0.2437312767113993,0.1499367484808087,0.2176507305461549,sector_need_score,-0.1181,False,final_need_assessment.csv + phase2_final_predictions.csv (Phase 1-3 pipeline),"See notebooks 01-03: cleaning, GP-level join, education mapping",need_score_entropy_weights.csv,"Random Forest (tuned params: {'n_estimators': 200, 'min_samples_leaf': 2, 'max_depth': 15})","NSGA-II, pop_size=100, n_gen=80, scenario=Balanced",,,
Hirebudur,sanitation,17.125096522907896,13.3,0.7499999999999998,0.5320366361510365,0.099879573046417,sector_need_score,0.1331,False,final_need_assessment.csv + phase2_final_predictions.csv (Phase 1-3 pipeline),"See notebooks 01-03: cleaning, GP-level join, education mapping",need_score_entropy_weights.csv,"Random Forest (tuned params: {'n_estimators': 200, 'min_samples_leaf': 2, 'max_depth': 15})","NSGA-II, pop_size=100, n_gen=80, scenario=Balanced",,,
Hosur Siddapur,education,13.70272376729148,7.98,0.1255930198338894,0.1767738689043979,0.2184555388081638,sector_need_score,-0.1462,False,final_need_assessment.csv + phase2_final_predictions.csv (Phase 1-3 pipeline),"See notebooks 01-03: cleaning, GP-level join, education mapping",need_score_entropy_weights.csv,"Random Forest (tuned params: {'n_estimators': 200, 'min_samples_leaf': 2, 'max_depth': 15})","NSGA-II, pop_size=100, n_gen=80, scenario=Balanced",,,
Hosur Siddapur,electricity_infra,7.611761797718922,7.29,0.3999999999999999,0.3108372401629004,0.1389336367433499,proposed_budget_lakh,-0.0597,False,final_need_assessment.csv + phase2_final_predictions.csv (Phase 1-3 pipeline),"See notebooks 01-03: cleaning, GP-level join, education mapping",need_score_entropy_weights.csv,"Random Forest (tuned params: {'n_estimators': 200, 'min_samples_leaf': 2, 'max_depth': 15})","NSGA-II, pop_size=100, n_gen=80, scenario=Balanced",,,
Hosur Siddapur,health,13.195069518067468,10.09,0.6,0.4614353761262759,0.1557298839810291,sector_need_score,0.1077,False,final_need_assessment.csv + phase2_final_predictions.csv (Phase 1-3 pipeline),"See notebooks 01-03: cleaning, GP-level join, education mapping",need_score_entropy_weights.csv,"Random Forest (tuned params: {'n_estimators': 200, 'min_samples_leaf': 2, 'max_depth': 15})","NSGA-II, pop_size=100, n_gen=80, scenario=Balanced",,,
Hosur Siddapur,livelihood,10.05180337697754,4.4,0.3772936703686994,0.3097013806355861,0.1768664691442808,proposed_budget_lakh,-0.0385,False,final_need_assessment.csv + phase2_final_predictions.csv (Phase 1-3 pipeline),"See notebooks 01-03: cleaning, GP-level join, education mapping",need_score_entropy_weights.csv,"Random Forest (tuned params: {'n_estimators': 200, 'min_samples_leaf': 2, 'max_depth': 15})","NSGA-II, pop_size=100, n_gen=80, scenario=Balanced",,,
Hosur Siddapur,roads_transport,21.87585399665377,16.52,0.0890339688683621,0.3028201229574129,0.2941906478548535,sector_need_score,-0.1449,True,final_need_assessment.csv + phase2_final_predictions.csv (Phase 1-3 pipeline),"See notebooks 01-03: cleaning, GP-level join, education mapping",need_score_entropy_weights.csv,"Random Forest (tuned params: {'n_estimators': 200, 'min_samples_leaf': 2, 'max_depth': 15})","NSGA-II, pop_size=100, n_gen=80, scenario=Balanced",,,
Hosur Siddapur,sanitation,8.457764336139682,4.76,0.6249999999999999,0.3974679405364581,0.0986592508231613,sector_need_score,0.1109,False,final_need_assessment.csv + phase2_final_predictions.csv (Phase 1-3 pipeline),"See notebooks 01-03: cleaning, GP-level join, education mapping",need_score_entropy_weights.csv,"Random Forest (tuned params: {'n_estimators': 200, 'min_samples_leaf': 2, 'max_depth': 15})","NSGA-II, pop_size=100, n_gen=80, scenario=Balanced",,,
Jagirajadaladinni,education,3.0028867503519763,2.68,0.2381863527278908,0.1439864845299195,0.2097285240799788,sector_need_score,-0.1092,False,final_need_assessment.csv + phase2_final_predictions.csv (Phase 1-3 pipeline),"See notebooks 01-03: cleaning, GP-level join, education mapping",need_score_entropy_weights.csv,"Random Forest (tuned params: {'n_estimators': 200, 'min_samples_leaf': 2, 'max_depth': 15})","NSGA-II, pop_size=100, n_gen=80, scenario=Balanced",,,
Jagirajadaladinni,electricity_infra,23.94035727105951,18.73,0.2380952380952381,0.4284823047613735,0.2590218680742487,proposed_budget_lakh,0.1363,True,final_need_assessment.csv + phase2_final_predictions.csv (Phase 1-3 pipeline),"See notebooks 01-03: cleaning, GP-level join, education mapping",need_score_entropy_weights.csv,"Random Forest (tuned params: {'n_estimators': 200, 'min_samples_leaf': 2, 'max_depth': 15})","NSGA-II, pop_size=100, n_gen=80, scenario=Balanced",,,
Jagirajadaladinni,health,23.351326939517683,19.6,0.8571428571428571,0.6954236629040486,0.2322222729234223,sector_need_score,0.2674,False,final_need_assessment.csv + phase2_final_predictions.csv (Phase 1-3 pipeline),"See notebooks 01-03: cleaning, GP-level join, education mapping",need_score_entropy_weights.csv,"Random Forest (tuned params: {'n_estimators': 200, 'min_samples_leaf': 2, 'max_depth': 15})","NSGA-II, pop_size=100, n_gen=80, scenario=Balanced",,,
Jagirajadaladinni,livelihood,15.16272679092928,9.8,0.1785723398244874,0.2629723794125743,0.1756121650928273,sector_need_score,-0.1041,False,final_need_assessment.csv + phase2_final_predictions.csv (Phase 1-3 pipeline),"See notebooks 01-03: cleaning, GP-level join, education mapping",need_score_entropy_weights.csv,"Random Forest (tuned params: {'n_estimators': 200, 'min_samples_leaf': 2, 'max_depth': 15})","NSGA-II, pop_size=100, n_gen=80, scenario=Balanced",,,
Jagirajadaladinni,roads_transport,8.77232451760047,4.49,0.1149880721153261,0.1261762936247007,0.2229201954079583,sector_need_score,-0.1502,False,final_need_assessment.csv + phase2_final_predictions.csv (Phase 1-3 pipeline),"See notebooks 01-03: cleaning, GP-level join, education mapping",need_score_entropy_weights.csv,"Random Forest (tuned params: {'n_estimators': 200, 'min_samples_leaf': 2, 'max_depth': 15})","NSGA-II, pop_size=100, n_gen=80, scenario=Balanced",,,
Jagirajadaladinni,sanitation,9.289206118594386,7.97,0.7857142857142857,0.4761004036982539,0.2133156395824845,sector_need_score,0.1701,False,final_need_assessment.csv + phase2_final_predictions.csv (Phase 1-3 pipeline),"See notebooks 01-03: cleaning, GP-level join, education mapping",need_score_entropy_weights.csv,"Random Forest (tuned params: {'n_estimators': 200, 'min_samples_leaf': 2, 'max_depth': 15})","NSGA-II, pop_size=100, n_gen=80, scenario=Balanced",,,
Jalahalli,education,11.07790373661786,9.5,0.8740023843901905,0.5497491292087663,0.2670168082196624,sector_need_score,0.2764,True,final_need_assessment.csv + phase2_final_predictions.csv (Phase 1-3 pipeline),"See notebooks 01-03: cleaning, GP-level join, education mapping",need_score_entropy_weights.csv,"Random Forest (tuned params: {'n_estimators': 200, 'min_samples_leaf': 2, 'max_depth': 15})","NSGA-II, pop_size=100, n_gen=80, scenario=Balanced",,,
Jalahalli,electricity_infra,3.6195710095395097,3.22,1.0,0.5739100740052099,0.2565840593992125,sector_need_score,0.2938,True,final_need_assessment.csv + phase2_final_predictions.csv (Phase 1-3 pipeline),"See notebooks 01-03: cleaning, GP-level join, education mapping",need_score_entropy_weights.csv,"Random Forest (tuned params: {'n_estimators': 200, 'min_samples_leaf': 2, 'max_depth': 15})","NSGA-II, pop_size=100, n_gen=80, scenario=Balanced",,,
Jalahalli,health,24.771238552398056,16.4,1.0,0.772375807669927,0.3838599405292787,sector_need_score,0.2851,True,final_need_assessment.csv + phase2_final_predictions.csv (Phase 1-3 pipeline),"See notebooks 01-03: cleaning, GP-level join, education mapping",need_score_entropy_weights.csv,"Random Forest (tuned params: {'n_estimators': 200, 'min_samples_leaf': 2, 'max_depth': 15})","NSGA-II, pop_size=100, n_gen=80, scenario=Balanced",,,
Jalahalli,livelihood,8.791683533635592,6.73,0.6966661525654758,0.4299021516560611,0.1554317126834186,sector_need_score,0.1313,False,final_need_assessment.csv + phase2_final_predictions.csv (Phase 1-3 pipeline),"See notebooks 01-03: cleaning, GP-level join, education mapping",need_score_entropy_weights.csv,"Random Forest (tuned params: {'n_estimators': 200, 'min_samples_leaf': 2, 'max_depth': 15})","NSGA-II, pop_size=100, n_gen=80, scenario=Balanced",,,
Jalahalli,roads_transport,18.031362042891164,14.63,1.0,0.7001159281641889,0.2824981309394451,sector_need_score,0.2796,True,final_need_assessment.csv + phase2_final_predictions.csv (Phase 1-3 pipeline),"See notebooks 01-03: cleaning, GP-level join, education mapping",need_score_entropy_weights.csv,"Random Forest (tuned params: {'n_estimators': 200, 'min_samples_leaf': 2, 'max_depth': 15})","NSGA-II, pop_size=100, n_gen=80, scenario=Balanced",,,
Jalahalli,sanitation,11.65495969826436,7.88,1.0,0.6257928009889521,0.2942506873523893,sector_need_score,0.287,True,final_need_assessment.csv + phase2_final_predictions.csv (Phase 1-3 pipeline),"See notebooks 01-03: cleaning, GP-level join, education mapping",need_score_entropy_weights.csv,"Random Forest (tuned params: {'n_estimators': 200, 'min_samples_leaf': 2, 'max_depth': 15})","NSGA-II, pop_size=100, n_gen=80, scenario=Balanced",,,
Jeerabandi,education,23.00453270879884,7.73,0.1546485687328115,0.309557184605138,0.2666522950550316,sector_need_score,-0.1273,True,final_need_assessment.csv + phase2_final_predictions.csv (Phase 1-3 pipeline),"See notebooks 01-03: cleaning, GP-level join, education mapping",need_score_entropy_weights.csv,"Random Forest (tuned params: {'n_estimators': 200, 'min_samples_leaf': 2, 'max_depth': 15})","NSGA-II, pop_size=100, n_gen=80, scenario=Balanced",,,
Jeerabandi,electricity_infra,20.36078911623583,7.33,0.2962962962962963,0.373830312390648,0.1925876759598151,proposed_budget_lakh,0.0669,False,final_need_assessment.csv + phase2_final_predictions.csv (Phase 1-3 pipeline),"See notebooks 01-03: cleaning, GP-level join, education mapping",need_score_entropy_weights.csv,"Random Forest (tuned params: {'n_estimators': 200, 'min_samples_leaf': 2, 'max_depth': 15})","NSGA-II, pop_size=100, n_gen=80, scenario=Balanced",,,
Jeerabandi,health,3.1676762139061294,2.38,1.0,0.5664199472366831,0.2803299460180715,sector_need_score,0.294,True,final_need_assessment.csv + phase2_final_predictions.csv (Phase 1-3 pipeline),"See notebooks 01-03: cleaning, GP-level join, education mapping",need_score_entropy_weights.csv,"Random Forest (tuned params: {'n_estimators': 200, 'min_samples_leaf': 2, 'max_depth': 15})","NSGA-II, pop_size=100, n_gen=80, scenario=Balanced",,,
Jeerabandi,livelihood,10.638407910718712,5.53,0.2557108541216921,0.2451035018723661,0.1738570703493819,sector_need_score,-0.0812,False,final_need_assessment.csv + phase2_final_predictions.csv (Phase 1-3 pipeline),"See notebooks 01-03: cleaning, GP-level join, education mapping",need_score_entropy_weights.csv,"Random Forest (tuned params: {'n_estimators': 200, 'min_samples_leaf': 2, 'max_depth': 15})","NSGA-II, pop_size=100, n_gen=80, scenario=Balanced",,,
Jeerabandi,roads_transport,17.45660111178959,5.38,0.1085849863722313,0.3049554620963525,0.1927713228387524,sector_need_score,-0.1343,False,final_need_assessment.csv + phase2_final_predictions.csv (Phase 1-3 pipeline),"See notebooks 01-03: cleaning, GP-level join, education mapping",need_score_entropy_weights.csv,"Random Forest (tuned params: {'n_estimators': 200, 'min_samples_leaf': 2, 'max_depth': 15})","NSGA-II, pop_size=100, n_gen=80, scenario=Balanced",,,
Jeerabandi,sanitation,14.480826598274264,9.65,0.3333333333333333,0.3901514122752247,0.1669349165664734,proposed_budget_lakh,0.0308,False,final_need_assessment.csv + phase2_final_predictions.csv (Phase 1-3 pipeline),"See notebooks 01-03: cleaning, GP-level join, education mapping",need_score_entropy_weights.csv,"Random Forest (tuned params: {'n_estimators': 200, 'min_samples_leaf': 2, 'max_depth': 15})","NSGA-II, pop_size=100, n_gen=80, scenario=Balanced",,,
K.Irabgera,education,2.8931988918767337,2.73,0.1597894343143197,0.1534063618446678,0.1552257516914156,sector_need_score,-0.1217,False,final_need_assessment.csv + phase2_final_predictions.csv (Phase 1-3 pipeline),"See notebooks 01-03: cleaning, GP-level join, education mapping",need_score_entropy_weights.csv,"Random Forest (tuned params: {'n_estimators': 200, 'min_samples_leaf': 2, 'max_depth': 15})","NSGA-II, pop_size=100, n_gen=80, scenario=Balanced",,,
K.Irabgera,electricity_infra,9.51297856130894,8.19,0.4999999999999999,0.3662320788729651,0.1400747009772969,sector_need_score,0.0891,False,final_need_assessment.csv + phase2_final_predictions.csv (Phase 1-3 pipeline),"See notebooks 01-03: cleaning, GP-level join, education mapping",need_score_entropy_weights.csv,"Random Forest (tuned params: {'n_estimators': 200, 'min_samples_leaf': 2, 'max_depth': 15})","NSGA-II, pop_size=100, n_gen=80, scenario=Balanced",,,
K.Irabgera,health,24.200792098987705,6.68,0.0,0.2975342375163721,0.2890194447990056,sector_need_score,-0.165,True,final_need_assessment.csv + phase2_final_predictions.csv (Phase 1-3 pipeline),"See notebooks 01-03: cleaning, GP-level join, education mapping",need_score_entropy_weights.csv,"Random Forest (tuned params: {'n_estimators': 200, 'min_samples_leaf': 2, 'max_depth': 15})","NSGA-II, pop_size=100, n_gen=80, scenario=Balanced",,,
K.Irabgera,livelihood,6.470740781882079,6.14,0.3268545370289759,0.2258693290516458,0.1780344938124937,proposed_budget_lakh,-0.076,False,final_need_assessment.csv + phase2_final_predictions.csv (Phase 1-3 pipeline),"See notebooks 01-03: cleaning, GP-level join, education mapping",need_score_entropy_weights.csv,"Random Forest (tuned params: {'n_estimators': 200, 'min_samples_leaf': 2, 'max_depth': 15})","NSGA-II, pop_size=100, n_gen=80, scenario=Balanced",,,
K.Irabgera,roads_transport,24.29934794362565,8.81,0.0227351226499176,0.3234755270235997,0.2768284496033415,sector_need_score,-0.1561,True,final_need_assessment.csv + phase2_final_predictions.csv (Phase 1-3 pipeline),"See notebooks 01-03: cleaning, GP-level join, education mapping",need_score_entropy_weights.csv,"Random Forest (tuned params: {'n_estimators': 200, 'min_samples_leaf': 2, 'max_depth': 15})","NSGA-II, pop_size=100, n_gen=80, scenario=Balanced",,,
K.Irabgera,sanitation,20.289282479680185,12.22,0.0208333333333333,0.2045870982577395,0.2773472304561417,sector_need_score,-0.1742,True,final_need_assessment.csv + phase2_final_predictions.csv (Phase 1-3 pipeline),"See notebooks 01-03: cleaning, GP-level join, education mapping",need_score_entropy_weights.csv,"Random Forest (tuned params: {'n_estimators': 200, 'min_samples_leaf': 2, 'max_depth': 15})","NSGA-II, pop_size=100, n_gen=80, scenario=Balanced",,,
Karadigudda,education,19.11298078897965,10.66,0.0732360869717356,0.2552866373687859,0.2498580907806233,sector_need_score,-0.1513,True,final_need_assessment.csv + phase2_final_predictions.csv (Phase 1-3 pipeline),"See notebooks 01-03: cleaning, GP-level join, education mapping",need_score_entropy_weights.csv,"Random Forest (tuned params: {'n_estimators': 200, 'min_samples_leaf': 2, 'max_depth': 15})","NSGA-II, pop_size=100, n_gen=80, scenario=Balanced",,,
Karadigudda,electricity_infra,3.8600782321955465,3.11,1.5419764230904953e-17,0.0355058058676997,0.2736350519908121,sector_need_score,-0.1999,True,final_need_assessment.csv + phase2_final_predictions.csv (Phase 1-3 pipeline),"See notebooks 01-03: cleaning, GP-level join, education mapping",need_score_entropy_weights.csv,"Random Forest (tuned params: {'n_estimators': 200, 'min_samples_leaf': 2, 'max_depth': 15})","NSGA-II, pop_size=100, n_gen=80, scenario=Balanced",,,
Karadigudda,health,11.405917721528208,9.3,0.6666666666666666,0.4155190670414954,0.1756676060717121,sector_need_score,0.1071,False,final_need_assessment.csv + phase2_final_predictions.csv (Phase 1-3 pipeline),"See notebooks 01-03: cleaning, GP-level join, education mapping",need_score_entropy_weights.csv,"Random Forest (tuned params: {'n_estimators': 200, 'min_samples_leaf': 2, 'max_depth': 15})","NSGA-II, pop_size=100, n_gen=80, scenario=Balanced",,,
Karadigudda,livelihood,12.174101283815402,3.66,0.4470931727621947,0.4016087599077741,0.1587133746851655,sector_need_score,0.0729,False,final_need_assessment.csv + phase2_final_predictions.csv (Phase 1-3 pipeline),"See notebooks 01-03: cleaning, GP-level join, education mapping",need_score_entropy_weights.csv,"Random Forest (tuned params: {'n_estimators': 200, 'min_samples_leaf': 2, 'max_depth': 15})","NSGA-II, pop_size=100, n_gen=80, scenario=Balanced",,,
Karadigudda,roads_transport,6.2059179334680685,4.9,0.0227351226499176,0.0595059200069227,0.2721028215888398,sector_need_score,-0.1808,True,final_need_assessment.csv + phase2_final_predictions.csv (Phase 1-3 pipeline),"See notebooks 01-03: cleaning, GP-level join, education mapping",need_score_entropy_weights.csv,"Random Forest (tuned params: {'n_estimators': 200, 'min_samples_leaf': 2, 'max_depth': 15})","NSGA-II, pop_size=100, n_gen=80, scenario=Balanced",,,
Karadigudda,sanitation,13.884013920811034,6.08,0.25,0.2454709984850963,0.2001634521455447,sector_need_score,-0.089,False,final_need_assessment.csv + phase2_final_predictions.csv (Phase 1-3 pipeline),"See notebooks 01-03: cleaning, GP-level join, education mapping",need_score_entropy_weights.csv,"Random Forest (tuned params: {'n_estimators': 200, 'min_samples_leaf': 2, 'max_depth': 15})","NSGA-II, pop_size=100, n_gen=80, scenario=Balanced",,,
Karigudda,education,16.0695771633901,10.06,0.1151008614269934,0.2506908420492,0.1846964032720026,sector_need_score,-0.1334,False,final_need_assessment.csv + phase2_final_predictions.csv (Phase 1-3 pipeline),"See notebooks 01-03: cleaning, GP-level join, education mapping",need_score_entropy_weights.csv,"Random Forest (tuned params: {'n_estimators': 200, 'min_samples_leaf': 2, 'max_depth': 15})","NSGA-II, pop_size=100, n_gen=80, scenario=Balanced",,,
Karigudda,electricity_infra,15.018855841363754,9.85,0.3333333333333333,0.3875864678456066,0.1510003323310524,proposed_budget_lakh,0.0319,False,final_need_assessment.csv + phase2_final_predictions.csv (Phase 1-3 pipeline),"See notebooks 01-03: cleaning, GP-level join, education mapping",need_score_entropy_weights.csv,"Random Forest (tuned params: {'n_estimators': 200, 'min_samples_leaf': 2, 'max_depth': 15})","NSGA-II, pop_size=100, n_gen=80, scenario=Balanced",,,
Karigudda,health,9.863232334477235,4.85,0.0,0.1142419864748913,0.2410815967720469,sector_need_score,-0.1827,False,final_need_assessment.csv + phase2_final_predictions.csv (Phase 1-3 pipeline),"See notebooks 01-03: cleaning, GP-level join, education mapping",need_score_entropy_weights.csv,"Random Forest (tuned params: {'n_estimators': 200, 'min_samples_leaf': 2, 'max_depth': 15})","NSGA-II, pop_size=100, n_gen=80, scenario=Balanced",,,
Karigudda,livelihood,2.936762453336313,2.85,0.3777301630566992,0.2548366233358439,0.1182344504929954,proposed_budget_lakh,-0.0735,False,final_need_assessment.csv + phase2_final_predictions.csv (Phase 1-3 pipeline),"See notebooks 01-03: cleaning, GP-level join, education mapping",need_score_entropy_weights.csv,"Random Forest (tuned params: {'n_estimators': 200, 'min_samples_leaf': 2, 'max_depth': 15})","NSGA-II, pop_size=100, n_gen=80, scenario=Balanced",,,
Karigudda,roads_transport,6.0325962074547865,4.76,0.0176197200536861,0.0545628746022124,0.2538891442548624,sector_need_score,-0.1926,True,final_need_assessment.csv + phase2_final_predictions.csv (Phase 1-3 pipeline),"See notebooks 01-03: cleaning, GP-level join, education mapping",need_score_entropy_weights.csv,"Random Forest (tuned params: {'n_estimators': 200, 'min_samples_leaf': 2, 'max_depth': 15})","NSGA-II, pop_size=100, n_gen=80, scenario=Balanced",,,
Karigudda,sanitation,20.55899847216793,9.87,0.25,0.3659516935379998,0.2096345397258568,proposed_budget_lakh,0.0835,False,final_need_assessment.csv + phase2_final_predictions.csv (Phase 1-3 pipeline),"See notebooks 01-03: cleaning, GP-level join, education mapping",need_score_entropy_weights.csv,"Random Forest (tuned params: {'n_estimators': 200, 'min_samples_leaf': 2, 'max_depth': 15})","NSGA-II, pop_size=100, n_gen=80, scenario=Balanced",,,
Koppar,education,16.944794700783557,9.93,0.057946320612647,0.2675126387302016,0.1919366840679742,sector_need_score,-0.1459,False,final_need_assessment.csv + phase2_final_predictions.csv (Phase 1-3 pipeline),"See notebooks 01-03: cleaning, GP-level join, education mapping",need_score_entropy_weights.csv,"Random Forest (tuned params: {'n_estimators': 200, 'min_samples_leaf': 2, 'max_depth': 15})","NSGA-II, pop_size=100, n_gen=80, scenario=Balanced",,,
Koppar,electricity_infra,8.000553336859422,2.62,0.0476190476190476,0.1259427831039282,0.201600903736425,sector_need_score,-0.164,False,final_need_assessment.csv + phase2_final_predictions.csv (Phase 1-3 pipeline),"See notebooks 01-03: cleaning, GP-level join, education mapping",need_score_entropy_weights.csv,"Random Forest (tuned params: {'n_estimators': 200, 'min_samples_leaf': 2, 'max_depth': 15})","NSGA-II, pop_size=100, n_gen=80, scenario=Balanced",,,
Koppar,health,13.572133947342016,11.07,0.4285714285714285,0.3742660899505614,0.2263224985049851,sector_need_score,0.0282,False,final_need_assessment.csv + phase2_final_predictions.csv (Phase 1-3 pipeline),"See notebooks 01-03: cleaning, GP-level join, education mapping",need_score_entropy_weights.csv,"Random Forest (tuned params: {'n_estimators': 200, 'min_samples_leaf': 2, 'max_depth': 15})","NSGA-II, pop_size=100, n_gen=80, scenario=Balanced",,,
Koppar,livelihood,17.731166696157246,12.62,0.4265310861066633,0.466531994643603,0.2441133703826939,proposed_budget_lakh,0.0548,False,final_need_assessment.csv + phase2_final_predictions.csv (Phase 1-3 pipeline),"See notebooks 01-03: cleaning, GP-level join, education mapping",need_score_entropy_weights.csv,"Random Forest (tuned params: {'n_estimators': 200, 'min_samples_leaf': 2, 'max_depth': 15})","NSGA-II, pop_size=100, n_gen=80, scenario=Balanced",,,
Koppar,roads_transport,16.77564339874526,8.35,0.3068730350146799,0.3923170502437921,0.1841926522122064,proposed_budget_lakh,0.0468,False,final_need_assessment.csv + phase2_final_predictions.csv (Phase 1-3 pipeline),"See notebooks 01-03: cleaning, GP-level join, education mapping",need_score_entropy_weights.csv,"Random Forest (tuned params: {'n_estimators': 200, 'min_samples_leaf': 2, 'max_depth': 15})","NSGA-II, pop_size=100, n_gen=80, scenario=Balanced",,,
Koppar,sanitation,16.63728274125826,9.15,0.2142857142857143,0.3053409527348705,0.157947791774933,sector_need_score,-0.0903,False,final_need_assessment.csv + phase2_final_predictions.csv (Phase 1-3 pipeline),"See notebooks 01-03: cleaning, GP-level join, education mapping",need_score_entropy_weights.csv,"Random Forest (tuned params: {'n_estimators': 200, 'min_samples_leaf': 2, 'max_depth': 15})","NSGA-II, pop_size=100, n_gen=80, scenario=Balanced",,,
Kothadoddi,education,10.927908302750003,5.52,0.2203267370109822,0.2069512006576275,0.1915187496466185,sector_need_score,-0.105,False,final_need_assessment.csv + phase2_final_predictions.csv (Phase 1-3 pipeline),"See notebooks 01-03: cleaning, GP-level join, education mapping",need_score_entropy_weights.csv,"Random Forest (tuned params: {'n_estimators': 200, 'min_samples_leaf': 2, 'max_depth': 15})","NSGA-II, pop_size=100, n_gen=80, scenario=Balanced",,,
Kothadoddi,electricity_infra,20.657696064928068,17.55,0.5999999999999999,0.5544265755867349,0.0944007666041849,sector_need_score,0.1165,False,final_need_assessment.csv + phase2_final_predictions.csv (Phase 1-3 pipeline),"See notebooks 01-03: cleaning, GP-level join, education mapping",need_score_entropy_weights.csv,"Random Forest (tuned params: {'n_estimators': 200, 'min_samples_leaf': 2, 'max_depth': 15})","NSGA-II, pop_size=100, n_gen=80, scenario=Balanced",,,
Kothadoddi,health,6.753740277165144,6.01,0.8,0.4867787554217166,0.1886477768666942,sector_need_score,0.2199,False,final_need_assessment.csv + phase2_final_predictions.csv (Phase 1-3 pipeline),"See notebooks 01-03: cleaning, GP-level join, education mapping",need_score_entropy_weights.csv,"Random Forest (tuned params: {'n_estimators': 200, 'min_samples_leaf': 2, 'max_depth': 15})","NSGA-II, pop_size=100, n_gen=80, scenario=Balanced",,,
Kothadoddi,livelihood,4.317894031680813,4.26,0.2750236003834212,0.2428058752119783,0.139372257452898,proposed_budget_lakh,-0.0722,False,final_need_assessment.csv + phase2_final_predictions.csv (Phase 1-3 pipeline),"See notebooks 01-03: cleaning, GP-level join, education mapping",need_score_entropy_weights.csv,"Random Forest (tuned params: {'n_estimators': 200, 'min_samples_leaf': 2, 'max_depth': 15})","NSGA-II, pop_size=100, n_gen=80, scenario=Balanced",,,
Kothadoddi,roads_transport,16.219839339771536,8.28,0.2836510246329214,0.3445885341424564,0.1453572671224001,sector_need_score,-0.0449,False,final_need_assessment.csv + phase2_final_predictions.csv (Phase 1-3 pipeline),"See notebooks 01-03: cleaning, GP-level join, education mapping",need_score_entropy_weights.csv,"Random Forest (tuned params: {'n_estimators': 200, 'min_samples_leaf': 2, 'max_depth': 15})","NSGA-II, pop_size=100, n_gen=80, scenario=Balanced",,,
Kothadoddi,sanitation,9.33643949675651,7.95,0.7749999999999998,0.4848361846532277,0.2188892262690408,sector_need_score,0.1617,False,final_need_assessment.csv + phase2_final_predictions.csv (Phase 1-3 pipeline),"See notebooks 01-03: cleaning, GP-level join, education mapping",need_score_entropy_weights.csv,"Random Forest (tuned params: {'n_estimators': 200, 'min_samples_leaf': 2, 'max_depth': 15})","NSGA-II, pop_size=100, n_gen=80, scenario=Balanced",,,
Kyadigera,education,9.83436509767752,5.55,0.1126644554097408,0.1388343085994542,0.2253686242019305,sector_need_score,-0.1504,False,final_need_assessment.csv + phase2_final_predictions.csv (Phase 1-3 pipeline),"See notebooks 01-03: cleaning, GP-level join, education mapping",need_score_entropy_weights.csv,"Random Forest (tuned params: {'n_estimators': 200, 'min_samples_leaf': 2, 'max_depth': 15})","NSGA-II, pop_size=100, n_gen=80, scenario=Balanced",,,
Kyadigera,electricity_infra,4.717791035298093,3.2,0.3333333333333333,0.2517269430285999,0.164803798988313,proposed_budget_lakh,-0.0764,False,final_need_assessment.csv + phase2_final_predictions.csv (Phase 1-3 pipeline),"See notebooks 01-03: cleaning, GP-level join, education mapping",need_score_entropy_weights.csv,"Random Forest (tuned params: {'n_estimators': 200, 'min_samples_leaf': 2, 'max_depth': 15})","NSGA-II, pop_size=100, n_gen=80, scenario=Balanced",,,
Kyadigera,health,23.542907492681262,7.61,0.0,0.2642736737735651,0.3283594039569807,sector_need_score,-0.1695,True,final_need_assessment.csv + phase2_final_predictions.csv (Phase 1-3 pipeline),"See notebooks 01-03: cleaning, GP-level join, education mapping",need_score_entropy_weights.csv,"Random Forest (tuned params: {'n_estimators': 200, 'min_samples_leaf': 2, 'max_depth': 15})","NSGA-II, pop_size=100, n_gen=80, scenario=Balanced",,,
Kyadigera,livelihood,20.48006139885152,14.74,0.4597949159019118,0.490877048631283,0.1096935078027664,sector_need_score,0.0915,False,final_need_assessment.csv + phase2_final_predictions.csv (Phase 1-3 pipeline),"See notebooks 01-03: cleaning, GP-level join, education mapping",need_score_entropy_weights.csv,"Random Forest (tuned params: {'n_estimators': 200, 'min_samples_leaf': 2, 'max_depth': 15})","NSGA-II, pop_size=100, n_gen=80, scenario=Balanced",,,
Kyadigera,roads_transport,11.739831673086726,9.47,0.0227351226499176,0.1775651383727617,0.2395992586561119,sector_need_score,-0.1572,False,final_need_assessment.csv + phase2_final_predictions.csv (Phase 1-3 pipeline),"See notebooks 01-03: cleaning, GP-level join, education mapping",need_score_entropy_weights.csv,"Random Forest (tuned params: {'n_estimators': 200, 'min_samples_leaf': 2, 'max_depth': 15})","NSGA-II, pop_size=100, n_gen=80, scenario=Balanced",,,
Kyadigera,sanitation,24.781618266015485,7.75,0.0,0.3272329106072695,0.2927561053171886,sector_need_score,-0.1616,True,final_need_assessment.csv + phase2_final_predictions.csv (Phase 1-3 pipeline),"See notebooks 01-03: cleaning, GP-level join, education mapping",need_score_entropy_weights.csv,"Random Forest (tuned params: {'n_estimators': 200, 'min_samples_leaf': 2, 'max_depth': 15})","NSGA-II, pop_size=100, n_gen=80, scenario=Balanced",,,
Maladakal,education,9.83848142581941,6.49,0.2478525473070315,0.1499857898763174,0.246376192679706,sector_need_score,-0.1154,True,final_need_assessment.csv + phase2_final_predictions.csv (Phase 1-3 pipeline),"See notebooks 01-03: cleaning, GP-level join, education mapping",need_score_entropy_weights.csv,"Random Forest (tuned params: {'n_estimators': 200, 'min_samples_leaf': 2, 'max_depth': 15})","NSGA-II, pop_size=100, n_gen=80, scenario=Balanced",,,
Maladakal,electricity_infra,7.487727775177824,5.18,0.5555555555555556,0.3711173200913129,0.1024890268146772,sector_need_score,0.098,False,final_need_assessment.csv + phase2_final_predictions.csv (Phase 1-3 pipeline),"See notebooks 01-03: cleaning, GP-level join, education mapping",need_score_entropy_weights.csv,"Random Forest (tuned params: {'n_estimators': 200, 'min_samples_leaf': 2, 'max_depth': 15})","NSGA-II, pop_size=100, n_gen=80, scenario=Balanced",,,
Maladakal,health,19.354486103947693,15.75,0.5,0.5038749195671606,0.112856265228518,sector_need_score,0.0988,False,final_need_assessment.csv + phase2_final_predictions.csv (Phase 1-3 pipeline),"See notebooks 01-03: cleaning, GP-level join, education mapping",need_score_entropy_weights.csv,"Random Forest (tuned params: {'n_estimators': 200, 'min_samples_leaf': 2, 'max_depth': 15})","NSGA-II, pop_size=100, n_gen=80, scenario=Balanced",,,
Maladakal,livelihood,13.620804566300714,7.67,0.3488140643649312,0.3291585847256976,0.1667846258257051,sector_need_score,-0.0211,False,final_need_assessment.csv + phase2_final_predictions.csv (Phase 1-3 pipeline),"See notebooks 01-03: cleaning, GP-level join, education mapping",need_score_entropy_weights.csv,"Random Forest (tuned params: {'n_estimators': 200, 'min_samples_leaf': 2, 'max_depth': 15})","NSGA-II, pop_size=100, n_gen=80, scenario=Balanced",,,
Maladakal,roads_transport,8.84560901371415,6.39,0.5084979253371946,0.3639757240411939,0.1370373370454002,sector_need_score,0.0877,False,final_need_assessment.csv + phase2_final_predictions.csv (Phase 1-3 pipeline),"See notebooks 01-03: cleaning, GP-level join, education mapping",need_score_entropy_weights.csv,"Random Forest (tuned params: {'n_estimators': 200, 'min_samples_leaf': 2, 'max_depth': 15})","NSGA-II, pop_size=100, n_gen=80, scenario=Balanced",,,
Maladakal,sanitation,24.046454428313563,17.28,1.0,0.7708791422336998,0.3946153984832754,sector_need_score,0.2792,True,final_need_assessment.csv + phase2_final_predictions.csv (Phase 1-3 pipeline),"See notebooks 01-03: cleaning, GP-level join, education mapping",need_score_entropy_weights.csv,"Random Forest (tuned params: {'n_estimators': 200, 'min_samples_leaf': 2, 'max_depth': 15})","NSGA-II, pop_size=100, n_gen=80, scenario=Balanced",,,
Malledevaragudda,education,9.344213664579542,4.98,0.0918789574895709,0.1228806322732835,0.2226538336899433,sector_need_score,-0.1604,False,final_need_assessment.csv + phase2_final_predictions.csv (Phase 1-3 pipeline),"See notebooks 01-03: cleaning, GP-level join, education mapping",need_score_entropy_weights.csv,"Random Forest (tuned params: {'n_estimators': 200, 'min_samples_leaf': 2, 'max_depth': 15})","NSGA-II, pop_size=100, n_gen=80, scenario=Balanced",,,
Malledevaragudda,electricity_infra,16.532255879905385,13.85,0.6666666666666666,0.4724330907299386,0.1284012909457129,sector_need_score,0.1094,False,final_need_assessment.csv + phase2_final_predictions.csv (Phase 1-3 pipeline),"See notebooks 01-03: cleaning, GP-level join, education mapping",need_score_entropy_weights.csv,"Random Forest (tuned params: {'n_estimators': 200, 'min_samples_leaf': 2, 'max_depth': 15})","NSGA-II, pop_size=100, n_gen=80, scenario=Balanced",,,
Malledevaragudda,health,9.559284543508069,8.35,1.0,0.637217139608818,0.3033674823897889,sector_need_score,0.3066,True,final_need_assessment.csv + phase2_final_predictions.csv (Phase 1-3 pipeline),"See notebooks 01-03: cleaning, GP-level join, education mapping",need_score_entropy_weights.csv,"Random Forest (tuned params: {'n_estimators': 200, 'min_samples_leaf': 2, 'max_depth': 15})","NSGA-II, pop_size=100, n_gen=80, scenario=Balanced",,,
Malledevaragudda,livelihood,20.20631800569452,14.99,0.2580128266353332,0.3444850178443315,0.1876773480606707,proposed_budget_lakh,0.0755,False,final_need_assessment.csv + phase2_final_predictions.csv (Phase 1-3 pipeline),"See notebooks 01-03: cleaning, GP-level join, education mapping",need_score_entropy_weights.csv,"Random Forest (tuned params: {'n_estimators': 200, 'min_samples_leaf': 2, 'max_depth': 15})","NSGA-II, pop_size=100, n_gen=80, scenario=Balanced",,,
Malledevaragudda,roads_transport,23.41136943080773,0.67,0.1467738493052581,0.3101269464573654,0.2864968324129118,sector_need_score,-0.1314,True,final_need_assessment.csv + phase2_final_predictions.csv (Phase 1-3 pipeline),"See notebooks 01-03: cleaning, GP-level join, education mapping",need_score_entropy_weights.csv,"Random Forest (tuned params: {'n_estimators': 200, 'min_samples_leaf': 2, 'max_depth': 15})","NSGA-II, pop_size=100, n_gen=80, scenario=Balanced",,,
Malledevaragudda,sanitation,3.285036557579051,2.67,0.425,0.2772628360764143,0.1429006079009069,proposed_budget_lakh,-0.0725,False,final_need_assessment.csv + phase2_final_predictions.csv (Phase 1-3 pipeline),"See notebooks 01-03: cleaning, GP-level join, education mapping",need_score_entropy_weights.csv,"Random Forest (tuned params: {'n_estimators': 200, 'min_samples_leaf': 2, 'max_depth': 15})","NSGA-II, pop_size=100, n_gen=80, scenario=Balanced",,,
Masarkal,education,10.07104528869781,8.51,0.2630065413597404,0.2573700559640997,0.1765653546201405,sector_need_score,-0.0662,False,final_need_assessment.csv + phase2_final_predictions.csv (Phase 1-3 pipeline),"See notebooks 01-03: cleaning, GP-level join, education mapping",need_score_entropy_weights.csv,"Random Forest (tuned params: {'n_estimators': 200, 'min_samples_leaf': 2, 'max_depth': 15})","NSGA-II, pop_size=100, n_gen=80, scenario=Balanced",,,
Masarkal,electricity_infra,16.219015456274004,12.86,0.5333333333333333,0.4773324395544233,0.1256219625284405,sector_need_score,0.0928,False,final_need_assessment.csv + phase2_final_predictions.csv (Phase 1-3 pipeline),"See notebooks 01-03: cleaning, GP-level join, education mapping",need_score_entropy_weights.csv,"Random Forest (tuned params: {'n_estimators': 200, 'min_samples_leaf': 2, 'max_depth': 15})","NSGA-II, pop_size=100, n_gen=80, scenario=Balanced",,,
Masarkal,health,11.800103926079643,9.05,0.4,0.3600774233879441,0.1432700971581235,proposed_budget_lakh,-0.0091,False,final_need_assessment.csv + phase2_final_predictions.csv (Phase 1-3 pipeline),"See notebooks 01-03: cleaning, GP-level join, education mapping",need_score_entropy_weights.csv,"Random Forest (tuned params: {'n_estimators': 200, 'min_samples_leaf': 2, 'max_depth': 15})","NSGA-II, pop_size=100, n_gen=80, scenario=Balanced",,,
Masarkal,livelihood,22.51362890186586,11.17,0.4483126619693342,0.5096101724334645,0.1219109680921965,proposed_budget_lakh,0.0852,False,final_need_assessment.csv + phase2_final_predictions.csv (Phase 1-3 pipeline),"See notebooks 01-03: cleaning, GP-level join, education mapping",need_score_entropy_weights.csv,"Random Forest (tuned params: {'n_estimators': 200, 'min_samples_leaf': 2, 'max_depth': 15})","NSGA-II, pop_size=100, n_gen=80, scenario=Balanced",,,
Masarkal,roads_transport,7.364245665764139,3.35,0.2130726955237026,0.1550437433601694,0.1507857237344085,sector_need_score,-0.1144,False,final_need_assessment.csv + phase2_final_predictions.csv (Phase 1-3 pipeline),"See notebooks 01-03: cleaning, GP-level join, education mapping",need_score_entropy_weights.csv,"Random Forest (tuned params: {'n_estimators': 200, 'min_samples_leaf': 2, 'max_depth': 15})","NSGA-II, pop_size=100, n_gen=80, scenario=Balanced",,,
Masarkal,sanitation,10.52476938253849,8.62,0.6249999999999999,0.4277450412955415,0.1450348845074056,sector_need_score,0.1035,False,final_need_assessment.csv + phase2_final_predictions.csv (Phase 1-3 pipeline),"See notebooks 01-03: cleaning, GP-level join, education mapping",need_score_entropy_weights.csv,"Random Forest (tuned params: {'n_estimators': 200, 'min_samples_leaf': 2, 'max_depth': 15})","NSGA-II, pop_size=100, n_gen=80, scenario=Balanced",,,
Mundaragi,education,22.876955246016564,14.0,0.0851522088396981,0.293195923332882,0.2972387337697914,sector_need_score,-0.1496,True,final_need_assessment.csv + phase2_final_predictions.csv (Phase 1-3 pipeline),"See notebooks 01-03: cleaning, GP-level join, education mapping",need_score_entropy_weights.csv,"Random Forest (tuned params: {'n_estimators': 200, 'min_samples_leaf': 2, 'max_depth': 15})","NSGA-II, pop_size=100, n_gen=80, scenario=Balanced",,,
Mundaragi,electricity_infra,10.653970467211062,7.8,0.3333333333333333,0.3123039570759003,0.1736461061137332,sector_need_score,-0.0278,False,final_need_assessment.csv + phase2_final_predictions.csv (Phase 1-3 pipeline),"See notebooks 01-03: cleaning, GP-level join, education mapping",need_score_entropy_weights.csv,"Random Forest (tuned params: {'n_estimators': 200, 'min_samples_leaf': 2, 'max_depth': 15})","NSGA-II, pop_size=100, n_gen=80, scenario=Balanced",,,
Mundaragi,health,14.843297743923516,13.03,0.6,0.4706213596856158,0.0868411929853136,sector_need_score,0.1027,False,final_need_assessment.csv + phase2_final_predictions.csv (Phase 1-3 pipeline),"See notebooks 01-03: cleaning, GP-level join, education mapping",need_score_entropy_weights.csv,"Random Forest (tuned params: {'n_estimators': 200, 'min_samples_leaf': 2, 'max_depth': 15})","NSGA-II, pop_size=100, n_gen=80, scenario=Balanced",,,
Mundaragi,livelihood,4.557542093041481,4.24,0.6104055475457595,0.3692112906183531,0.0986921372240637,sector_need_score,0.1102,False,final_need_assessment.csv + phase2_final_predictions.csv (Phase 1-3 pipeline),"See notebooks 01-03: cleaning, GP-level join, education mapping",need_score_entropy_weights.csv,"Random Forest (tuned params: {'n_estimators': 200, 'min_samples_leaf': 2, 'max_depth': 15})","NSGA-II, pop_size=100, n_gen=80, scenario=Balanced",,,
Mundaragi,roads_transport,11.319647995972591,6.85,0.0227351226499176,0.1691085856157054,0.2396603948386424,sector_need_score,-0.1585,False,final_need_assessment.csv + phase2_final_predictions.csv (Phase 1-3 pipeline),"See notebooks 01-03: cleaning, GP-level join, education mapping",need_score_entropy_weights.csv,"Random Forest (tuned params: {'n_estimators': 200, 'min_samples_leaf': 2, 'max_depth': 15})","NSGA-II, pop_size=100, n_gen=80, scenario=Balanced",,,
Mundaragi,sanitation,4.703103675873413,3.8,0.3499999999999999,0.2481919017265717,0.103580370319208,proposed_budget_lakh,-0.0757,False,final_need_assessment.csv + phase2_final_predictions.csv (Phase 1-3 pipeline),"See notebooks 01-03: cleaning, GP-level join, education mapping",need_score_entropy_weights.csv,"Random Forest (tuned params: {'n_estimators': 200, 'min_samples_leaf': 2, 'max_depth': 15})","NSGA-II, pop_size=100, n_gen=80, scenario=Balanced",,,
Mustur,education,17.663906823228906,7.56,0.0757688174531479,0.283692183626165,0.2150228308742624,sector_need_score,-0.1431,False,final_need_assessment.csv + phase2_final_predictions.csv (Phase 1-3 pipeline),"See notebooks 01-03: cleaning, GP-level join, education mapping",need_score_entropy_weights.csv,"Random Forest (tuned params: {'n_estimators': 200, 'min_samples_leaf': 2, 'max_depth': 15})","NSGA-II, pop_size=100, n_gen=80, scenario=Balanced",,,
Mustur,electricity_infra,10.622023329045192,7.54,0.0,0.1447158070007638,0.2409065376601811,sector_need_score,-0.1734,False,final_need_assessment.csv + phase2_final_predictions.csv (Phase 1-3 pipeline),"See notebooks 01-03: cleaning, GP-level join, education mapping",need_score_entropy_weights.csv,"Random Forest (tuned params: {'n_estimators': 200, 'min_samples_leaf': 2, 'max_depth': 15})","NSGA-II, pop_size=100, n_gen=80, scenario=Balanced",,,
Mustur,health,14.15251278983581,9.26,0.9,0.6055455679672626,0.2350029396096065,sector_need_score,0.2663,False,final_need_assessment.csv + phase2_final_predictions.csv (Phase 1-3 pipeline),"See notebooks 01-03: cleaning, GP-level join, education mapping",need_score_entropy_weights.csv,"Random Forest (tuned params: {'n_estimators': 200, 'min_samples_leaf': 2, 'max_depth': 15})","NSGA-II, pop_size=100, n_gen=80, scenario=Balanced",,,
Mustur,livelihood,2.279552917865776,1.3,0.2416726196746394,0.1540650076871975,0.2097760908468256,sector_need_score,-0.107,False,final_need_assessment.csv + phase2_final_predictions.csv (Phase 1-3 pipeline),"See notebooks 01-03: cleaning, GP-level join, education mapping",need_score_entropy_weights.csv,"Random Forest (tuned params: {'n_estimators': 200, 'min_samples_leaf': 2, 'max_depth': 15})","NSGA-II, pop_size=100, n_gen=80, scenario=Balanced",,,
Mustur,roads_transport,9.421786930384425,3.58,0.1221833919775844,0.1254281041940017,0.2209234662365032,sector_need_score,-0.1513,False,final_need_assessment.csv + phase2_final_predictions.csv (Phase 1-3 pipeline),"See notebooks 01-03: cleaning, GP-level join, education mapping",need_score_entropy_weights.csv,"Random Forest (tuned params: {'n_estimators': 200, 'min_samples_leaf': 2, 'max_depth': 15})","NSGA-II, pop_size=100, n_gen=80, scenario=Balanced",,,
Mustur,sanitation,24.838190310743908,12.46,0.6249999999999999,0.5580771713994223,0.1978367132339708,proposed_budget_lakh,0.1045,False,final_need_assessment.csv + phase2_final_predictions.csv (Phase 1-3 pipeline),"See notebooks 01-03: cleaning, GP-level join, education mapping",need_score_entropy_weights.csv,"Random Forest (tuned params: {'n_estimators': 200, 'min_samples_leaf': 2, 'max_depth': 15})","NSGA-II, pop_size=100, n_gen=80, scenario=Balanced",,,
Nagadadinni,education,17.994455831452893,12.95,0.2358418055612652,0.3736072525789665,0.2080373218244495,sector_need_score,-0.0789,False,final_need_assessment.csv + phase2_final_predictions.csv (Phase 1-3 pipeline),"See notebooks 01-03: cleaning, GP-level join, education mapping",need_score_entropy_weights.csv,"Random Forest (tuned params: {'n_estimators': 200, 'min_samples_leaf': 2, 'max_depth': 15})","NSGA-II, pop_size=100, n_gen=80, scenario=Balanced",,,
Nagadadinni,electricity_infra,6.986609451489298,5.18,0.1666666666666667,0.1627760950118833,0.1541393386748648,sector_need_score,-0.1209,False,final_need_assessment.csv + phase2_final_predictions.csv (Phase 1-3 pipeline),"See notebooks 01-03: cleaning, GP-level join, education mapping",need_score_entropy_weights.csv,"Random Forest (tuned params: {'n_estimators': 200, 'min_samples_leaf': 2, 'max_depth': 15})","NSGA-II, pop_size=100, n_gen=80, scenario=Balanced",,,
Nagadadinni,health,16.43383584193346,14.1,0.8333333333333334,0.6165885145711816,0.1960435547010392,sector_need_score,0.2544,False,final_need_assessment.csv + phase2_final_predictions.csv (Phase 1-3 pipeline),"See notebooks 01-03: cleaning, GP-level join, education mapping",need_score_entropy_weights.csv,"Random Forest (tuned params: {'n_estimators': 200, 'min_samples_leaf': 2, 'max_depth': 15})","NSGA-II, pop_size=100, n_gen=80, scenario=Balanced",,,
Nagadadinni,livelihood,18.953316234389444,15.23,0.6105176132743669,0.5259347731237713,0.1176044525478289,sector_need_score,0.1128,False,final_need_assessment.csv + phase2_final_predictions.csv (Phase 1-3 pipeline),"See notebooks 01-03: cleaning, GP-level join, education mapping",need_score_entropy_weights.csv,"Random Forest (tuned params: {'n_estimators': 200, 'min_samples_leaf': 2, 'max_depth': 15})","NSGA-II, pop_size=100, n_gen=80, scenario=Balanced",,,
Nagadadinni,roads_transport,23.85946413376085,5.37,0.1856126022082647,0.4128678142415339,0.2400825619656676,proposed_budget_lakh,0.1314,False,final_need_assessment.csv + phase2_final_predictions.csv (Phase 1-3 pipeline),"See notebooks 01-03: cleaning, GP-level join, education mapping",need_score_entropy_weights.csv,"Random Forest (tuned params: {'n_estimators': 200, 'min_samples_leaf': 2, 'max_depth': 15})","NSGA-II, pop_size=100, n_gen=80, scenario=Balanced",,,
Nagadadinni,sanitation,4.455389516525341,3.18,0.4374999999999999,0.2975918088420548,0.1768515803848053,proposed_budget_lakh,-0.0737,False,final_need_assessment.csv + phase2_final_predictions.csv (Phase 1-3 pipeline),"See notebooks 01-03: cleaning, GP-level join, education mapping",need_score_entropy_weights.csv,"Random Forest (tuned params: {'n_estimators': 200, 'min_samples_leaf': 2, 'max_depth': 15})","NSGA-II, pop_size=100, n_gen=80, scenario=Balanced",,,
Palakanamardi,education,6.32678667364651,3.69,0.0800892739587163,0.0975388352961613,0.2061028901548342,sector_need_score,-0.1609,False,final_need_assessment.csv + phase2_final_predictions.csv (Phase 1-3 pipeline),"See notebooks 01-03: cleaning, GP-level join, education mapping",need_score_entropy_weights.csv,"Random Forest (tuned params: {'n_estimators': 200, 'min_samples_leaf': 2, 'max_depth': 15})","NSGA-II, pop_size=100, n_gen=80, scenario=Balanced",,,
Palakanamardi,electricity_infra,7.276079151213842,5.89,0.6666666666666665,0.3990346758953031,0.1181489418463648,sector_need_score,0.1248,False,final_need_assessment.csv + phase2_final_predictions.csv (Phase 1-3 pipeline),"See notebooks 01-03: cleaning, GP-level join, education mapping",need_score_entropy_weights.csv,"Random Forest (tuned params: {'n_estimators': 200, 'min_samples_leaf': 2, 'max_depth': 15})","NSGA-II, pop_size=100, n_gen=80, scenario=Balanced",,,
Palakanamardi,health,7.978846845648042,6.98,0.8333333333333334,0.5533512362995436,0.2034982722928136,sector_need_score,0.2793,False,final_need_assessment.csv + phase2_final_predictions.csv (Phase 1-3 pipeline),"See notebooks 01-03: cleaning, GP-level join, education mapping",need_score_entropy_weights.csv,"Random Forest (tuned params: {'n_estimators': 200, 'min_samples_leaf': 2, 'max_depth': 15})","NSGA-II, pop_size=100, n_gen=80, scenario=Balanced",,,
Palakanamardi,livelihood,17.748816968739224,6.29,0.1879244448951499,0.3462676153557534,0.2043091438415302,sector_need_score,-0.09,False,final_need_assessment.csv + phase2_final_predictions.csv (Phase 1-3 pipeline),"See notebooks 01-03: cleaning, GP-level join, education mapping",need_score_entropy_weights.csv,"Random Forest (tuned params: {'n_estimators': 200, 'min_samples_leaf': 2, 'max_depth': 15})","NSGA-II, pop_size=100, n_gen=80, scenario=Balanced",,,
Palakanamardi,roads_transport,3.752608730780752,3.53,0.3542293537421402,0.2581120167654389,0.1535822248283817,proposed_budget_lakh,-0.0777,False,final_need_assessment.csv + phase2_final_predictions.csv (Phase 1-3 pipeline),"See notebooks 01-03: cleaning, GP-level join, education mapping",need_score_entropy_weights.csv,"Random Forest (tuned params: {'n_estimators': 200, 'min_samples_leaf': 2, 'max_depth': 15})","NSGA-II, pop_size=100, n_gen=80, scenario=Balanced",,,
Palakanamardi,sanitation,15.366740287159004,11.62,0.8333333333333334,0.6279736521703823,0.2647617361393388,sector_need_score,0.2612,True,final_need_assessment.csv + phase2_final_predictions.csv (Phase 1-3 pipeline),"See notebooks 01-03: cleaning, GP-level join, education mapping",need_score_entropy_weights.csv,"Random Forest (tuned params: {'n_estimators': 200, 'min_samples_leaf': 2, 'max_depth': 15})","NSGA-II, pop_size=100, n_gen=80, scenario=Balanced",,,
Ramadurga,education,23.452755117142303,20.58,0.5915015838154783,0.5436824294740401,0.1276968468072165,sector_need_score,0.1085,False,final_need_assessment.csv + phase2_final_predictions.csv (Phase 1-3 pipeline),"See notebooks 01-03: cleaning, GP-level join, education mapping",need_score_entropy_weights.csv,"Random Forest (tuned params: {'n_estimators': 200, 'min_samples_leaf': 2, 'max_depth': 15})","NSGA-II, pop_size=100, n_gen=80, scenario=Balanced",,,
Ramadurga,electricity_infra,10.65865743819514,8.07,0.4000000000000001,0.3331936413434896,0.1844975073536352,proposed_budget_lakh,-0.0261,False,final_need_assessment.csv + phase2_final_predictions.csv (Phase 1-3 pipeline),"See notebooks 01-03: cleaning, GP-level join, education mapping",need_score_entropy_weights.csv,"Random Forest (tuned params: {'n_estimators': 200, 'min_samples_leaf': 2, 'max_depth': 15})","NSGA-II, pop_size=100, n_gen=80, scenario=Balanced",,,
Ramadurga,health,24.6615791653066,23.18,1.0,0.7785115089729654,0.3524513697053317,sector_need_score,0.2848,True,final_need_assessment.csv + phase2_final_predictions.csv (Phase 1-3 pipeline),"See notebooks 01-03: cleaning, GP-level join, education mapping",need_score_entropy_weights.csv,"Random Forest (tuned params: {'n_estimators': 200, 'min_samples_leaf': 2, 'max_depth': 15})","NSGA-II, pop_size=100, n_gen=80, scenario=Balanced",,,
Ramadurga,livelihood,11.03875732651376,5.47,0.135437437430572,0.1824773203326337,0.1666417049155775,sector_need_score,-0.1366,False,final_need_assessment.csv + phase2_final_predictions.csv (Phase 1-3 pipeline),"See notebooks 01-03: cleaning, GP-level join, education mapping",need_score_entropy_weights.csv,"Random Forest (tuned params: {'n_estimators': 200, 'min_samples_leaf': 2, 'max_depth': 15})","NSGA-II, pop_size=100, n_gen=80, scenario=Balanced",,,
Ramadurga,roads_transport,21.28156020835617,9.57,0.6065363477618514,0.544717053384322,0.1207230392870323,sector_need_score,0.1105,False,final_need_assessment.csv + phase2_final_predictions.csv (Phase 1-3 pipeline),"See notebooks 01-03: cleaning, GP-level join, education mapping",need_score_entropy_weights.csv,"Random Forest (tuned params: {'n_estimators': 200, 'min_samples_leaf': 2, 'max_depth': 15})","NSGA-II, pop_size=100, n_gen=80, scenario=Balanced",,,
Ramadurga,sanitation,8.288362654406242,7.02,1.0,0.6082211158257291,0.2772704141751478,sector_need_score,0.2976,True,final_need_assessment.csv + phase2_final_predictions.csv (Phase 1-3 pipeline),"See notebooks 01-03: cleaning, GP-level join, education mapping",need_score_entropy_weights.csv,"Random Forest (tuned params: {'n_estimators': 200, 'min_samples_leaf': 2, 'max_depth': 15})","NSGA-II, pop_size=100, n_gen=80, scenario=Balanced",,,
Shavantagera,education,17.909431134884976,0.04,0.0625821714076017,0.2285705081598466,0.2362065784696488,sector_need_score,-0.159,False,final_need_assessment.csv + phase2_final_predictions.csv (Phase 1-3 pipeline),"See notebooks 01-03: cleaning, GP-level join, education mapping",need_score_entropy_weights.csv,"Random Forest (tuned params: {'n_estimators': 200, 'min_samples_leaf': 2, 'max_depth': 15})","NSGA-II, pop_size=100, n_gen=80, scenario=Balanced",,,
Shavantagera,electricity_infra,24.922647252699825,14.79,0.3333333333333333,0.4576311745756441,0.2124961829023113,proposed_budget_lakh,0.1125,False,final_need_assessment.csv + phase2_final_predictions.csv (Phase 1-3 pipeline),"See notebooks 01-03: cleaning, GP-level join, education mapping",need_score_entropy_weights.csv,"Random Forest (tuned params: {'n_estimators': 200, 'min_samples_leaf': 2, 'max_depth': 15})","NSGA-II, pop_size=100, n_gen=80, scenario=Balanced",,,
Shavantagera,health,23.729611787295845,19.24,0.8,0.6509509037132285,0.2675097918588174,sector_need_score,0.1966,True,final_need_assessment.csv + phase2_final_predictions.csv (Phase 1-3 pipeline),"See notebooks 01-03: cleaning, GP-level join, education mapping",need_score_entropy_weights.csv,"Random Forest (tuned params: {'n_estimators': 200, 'min_samples_leaf': 2, 'max_depth': 15})","NSGA-II, pop_size=100, n_gen=80, scenario=Balanced",,,
Shavantagera,livelihood,23.94317362695061,18.54,0.4607226055640799,0.5837551777849912,0.2308180349685825,proposed_budget_lakh,0.1138,False,final_need_assessment.csv + phase2_final_predictions.csv (Phase 1-3 pipeline),"See notebooks 01-03: cleaning, GP-level join, education mapping",need_score_entropy_weights.csv,"Random Forest (tuned params: {'n_estimators': 200, 'min_samples_leaf': 2, 'max_depth': 15})","NSGA-II, pop_size=100, n_gen=80, scenario=Balanced",,,
Shavantagera,roads_transport,17.449115741334705,5.13,0.2879305075236957,0.3461870167413707,0.1375013177135322,proposed_budget_lakh,0.0485,False,final_need_assessment.csv + phase2_final_predictions.csv (Phase 1-3 pipeline),"See notebooks 01-03: cleaning, GP-level join, education mapping",need_score_entropy_weights.csv,"Random Forest (tuned params: {'n_estimators': 200, 'min_samples_leaf': 2, 'max_depth': 15})","NSGA-II, pop_size=100, n_gen=80, scenario=Balanced",,,
Shavantagera,sanitation,8.179467086582068,7.7,0.6249999999999999,0.3995378083467356,0.129491960919467,sector_need_score,0.1116,False,final_need_assessment.csv + phase2_final_predictions.csv (Phase 1-3 pipeline),"See notebooks 01-03: cleaning, GP-level join, education mapping",need_score_entropy_weights.csv,"Random Forest (tuned params: {'n_estimators': 200, 'min_samples_leaf': 2, 'max_depth': 15})","NSGA-II, pop_size=100, n_gen=80, scenario=Balanced",,,
Somanamaradi,education,13.967077120787248,11.38,0.3718564322994598,0.3917111946205722,0.1331784154636741,proposed_budget_lakh,0.024,False,final_need_assessment.csv + phase2_final_predictions.csv (Phase 1-3 pipeline),"See notebooks 01-03: cleaning, GP-level join, education mapping",need_score_entropy_weights.csv,"Random Forest (tuned params: {'n_estimators': 200, 'min_samples_leaf': 2, 'max_depth': 15})","NSGA-II, pop_size=100, n_gen=80, scenario=Balanced",,,
Somanamaradi,electricity_infra,9.078876514734135,4.46,0.0,0.1077903596614486,0.2426507506353537,sector_need_score,-0.1872,False,final_need_assessment.csv + phase2_final_predictions.csv (Phase 1-3 pipeline),"See notebooks 01-03: cleaning, GP-level join, education mapping",need_score_entropy_weights.csv,"Random Forest (tuned params: {'n_estimators': 200, 'min_samples_leaf': 2, 'max_depth': 15})","NSGA-II, pop_size=100, n_gen=80, scenario=Balanced",,,
Somanamaradi,health,14.901573345313883,10.86,1.0,0.6578668045996153,0.3302199013924888,sector_need_score,0.2749,True,final_need_assessment.csv + phase2_final_predictions.csv (Phase 1-3 pipeline),"See notebooks 01-03: cleaning, GP-level join, education mapping",need_score_entropy_weights.csv,"Random Forest (tuned params: {'n_estimators': 200, 'min_samples_leaf': 2, 'max_depth': 15})","NSGA-II, pop_size=100, n_gen=80, scenario=Balanced",,,
Somanamaradi,livelihood,15.56898563416563,10.87,0.1116746015134423,0.2567920512988204,0.1845633168936531,sector_need_score,-0.1328,False,final_need_assessment.csv + phase2_final_predictions.csv (Phase 1-3 pipeline),"See notebooks 01-03: cleaning, GP-level join, education mapping",need_score_entropy_weights.csv,"Random Forest (tuned params: {'n_estimators': 200, 'min_samples_leaf': 2, 'max_depth': 15})","NSGA-II, pop_size=100, n_gen=80, scenario=Balanced",,,
Somanamaradi,roads_transport,20.04737007071912,6.32,0.0227351226499176,0.2486403615532344,0.2571753158266999,sector_need_score,-0.1683,True,final_need_assessment.csv + phase2_final_predictions.csv (Phase 1-3 pipeline),"See notebooks 01-03: cleaning, GP-level join, education mapping",need_score_entropy_weights.csv,"Random Forest (tuned params: {'n_estimators': 200, 'min_samples_leaf': 2, 'max_depth': 15})","NSGA-II, pop_size=100, n_gen=80, scenario=Balanced",,,
Somanamaradi,sanitation,6.898175714704947,6.67,0.6249999999999999,0.3771519516839167,0.1000729306276318,sector_need_score,0.1155,False,final_need_assessment.csv + phase2_final_predictions.csv (Phase 1-3 pipeline),"See notebooks 01-03: cleaning, GP-level join, education mapping",need_score_entropy_weights.csv,"Random Forest (tuned params: {'n_estimators': 200, 'min_samples_leaf': 2, 'max_depth': 15})","NSGA-II, pop_size=100, n_gen=80, scenario=Balanced",,,
