gp_name,sector,sector_need_score,predicted_impact,uncertainty_width,top_driver,top_driver_shap_value,human_review_flag
Alkod,education,0.7001578824841364,0.423864955497744,0.1848956233847928,sector_need_score,0.1185,False
Alkod,electricity_infra,0.0833333333333333,0.2861052667029575,0.1917172480638002,sector_need_score,-0.1325,False
Alkod,health,0.75,0.5193878240289862,0.1969012173927836,sector_need_score,0.1387,False
Alkod,livelihood,0.3960348089084939,0.4214190612562674,0.1926068194109643,proposed_budget_lakh,0.0594,False
Alkod,roads_transport,0.838557338435535,0.6571103000087959,0.2430817747193905,sector_need_score,0.267,False
Alkod,sanitation,0.8124999999999999,0.4572891224565317,0.1946731343640243,sector_need_score,0.2218,False
Amarapur,education,0.1105460944343151,0.2542881732954243,0.1869284455094537,sector_need_score,-0.1333,False
Amarapur,electricity_infra,0.2916666666666667,0.2878123672093943,0.1591174424108006,proposed_budget_lakh,-0.0517,False
Amarapur,health,1.0,0.6176270845761525,0.314225993705941,sector_need_score,0.3033,True
Amarapur,livelihood,0.2817446622268985,0.2345753625953827,0.1391817345956408,proposed_budget_lakh,-0.0721,False
Amarapur,roads_transport,0.2224174364782657,0.2514587905675877,0.1975068366248397,sector_need_score,-0.1055,False
Amarapur,sanitation,0.5312499999999998,0.5553637324827192,0.1185609051089481,sector_need_score,0.1061,False
Arkera,education,0.0923393050527872,0.0886280462759119,0.2276951879985182,sector_need_score,-0.158,False
Arkera,electricity_infra,0.1666666666666666,0.2126984880237772,0.1704772204808022,sector_need_score,-0.1267,False
Arkera,health,0.5,0.3500175322393332,0.1232944795146652,sector_need_score,0.0882,False
Arkera,livelihood,0.561199539089997,0.4815349759755419,0.1633421955828714,sector_need_score,0.097,False
Arkera,roads_transport,0.1884822381960289,0.3938848580117583,0.2676311828560044,proposed_budget_lakh,0.1128,True
Arkera,sanitation,0.125,0.2429005106302018,0.2302420665523584,sector_need_score,-0.1452,False
B.Ganekal,education,0.0873524245656024,0.2499211559648416,0.1882705334935402,sector_need_score,-0.1397,False
B.Ganekal,electricity_infra,0.0,0.2315240801678449,0.2798127382055349,sector_need_score,-0.1782,True
B.Ganekal,health,0.8,0.6223830922037964,0.1855428642169546,sector_need_score,0.1939,False
B.Ganekal,livelihood,0.3154915461130003,0.2420819437569936,0.1767684020214896,proposed_budget_lakh,-0.0765,False
B.Ganekal,roads_transport,0.0890339688683621,0.3488832372779267,0.260532757095973,sector_need_score,-0.1405,True
B.Ganekal,sanitation,0.6249999999999999,0.4704720562893036,0.1152018308700939,sector_need_score,0.1095,False
Bhumanagunda,education,0.125780199490933,0.1410444535798616,0.1970919422736353,sector_need_score,-0.1474,False
Bhumanagunda,electricity_infra,0.3333333333333333,0.2325569951275923,0.1833699615583694,proposed_budget_lakh,-0.0793,False
Bhumanagunda,health,1.0,0.6083911778791764,0.3101997381479956,sector_need_score,0.3025,True
Bhumanagunda,livelihood,0.2004883640927215,0.3245474682549334,0.2063088979449257,sector_need_score,-0.0915,False
Bhumanagunda,roads_transport,0.1332331996806585,0.1582170057759265,0.1990299445346628,sector_need_score,-0.1418,False
Bhumanagunda,sanitation,0.6249999999999998,0.4775543369544381,0.0855625705663405,sector_need_score,0.1046,False
Chinchodi,education,0.0880739996651603,0.1226594130232931,0.2212410167244475,sector_need_score,-0.1603,False
Chinchodi,electricity_infra,0.6222222222222222,0.499437855393284,0.0478821804983403,sector_need_score,0.1085,False
Chinchodi,health,0.0,0.2238499412107539,0.2735769761376341,sector_need_score,-0.1814,True
Chinchodi,livelihood,0.2496486591831573,0.2142572103245082,0.2114796612401074,sector_need_score,-0.0939,False
Chinchodi,roads_transport,0.0073889148612232,0.0699697617930465,0.2216657128420691,sector_need_score,-0.1903,False
Chinchodi,sanitation,0.25,0.2887879489497865,0.1696747707543723,sector_need_score,-0.0841,False
Dondambli,education,0.1903358212199068,0.3495336918024811,0.2075219185920379,sector_need_score,-0.0866,False
Dondambli,electricity_infra,0.654320987654321,0.5560676048393721,0.1399547154906354,sector_need_score,0.1242,False
Dondambli,health,0.4444444444444445,0.5211618727740808,0.1277459751749691,sector_need_score,0.0921,False
Dondambli,livelihood,0.1983525560554255,0.2186030532670554,0.1908193570230374,sector_need_score,-0.1094,False
Dondambli,roads_transport,0.131320109022149,0.2984624289992212,0.2659695464039529,sector_need_score,-0.1393,True
Dondambli,sanitation,0.6388888888888888,0.3964011337253615,0.1013774693003951,sector_need_score,0.1196,False
Gabbur,education,0.0126385683780881,0.0531757696449313,0.2739237998093294,sector_need_score,-0.1936,True
Gabbur,electricity_infra,0.0,0.0388757456992521,0.2976130238656407,sector_need_score,-0.1991,True
Gabbur,health,0.0,0.0854421959662393,0.2112479709934007,sector_need_score,-0.1916,False
Gabbur,livelihood,0.4047024702545536,0.3544143675770613,0.143067982570399,sector_need_score,-0.005,False
Gabbur,roads_transport,0.0227351226499176,0.094037281313479,0.2319425497538632,sector_need_score,-0.173,False
Gabbur,sanitation,0.25,0.2376414030880028,0.1999265917038887,sector_need_score,-0.0901,False
Galaga,education,0.089686549275463,0.3710532769646385,0.2635356735165708,sector_need_score,-0.1346,True
Galaga,electricity_infra,0.0,0.1982753441091933,0.2706197036415144,sector_need_score,-0.1829,True
Galaga,health,0.0,0.1084261644437704,0.2205268136239814,sector_need_score,-0.1822,False
Galaga,livelihood,0.2381283752648611,0.4367208501572138,0.2591915683656687,proposed_budget_lakh,0.1389,True
Galaga,roads_transport,0.1884822381960289,0.1455220850508551,0.1726666416095741,sector_need_score,-0.124,False
Galaga,sanitation,0.6249999999999999,0.5283771007339904,0.0592547350867832,sector_need_score,0.1164,False
Ganadhal (Deodurga),education,0.0746882302368615,0.3695402944222545,0.2622782682587833,sector_need_score,-0.1362,True
Ganadhal (Deodurga),electricity_infra,0.6666666666666666,0.5203023807441685,0.1532034099984481,sector_need_score,0.1168,False
Ganadhal (Deodurga),health,0.75,0.5542100013919684,0.1584176076949761,sector_need_score,0.1281,False
Ganadhal (Deodurga),livelihood,0.3128617725114044,0.2761894367112358,0.20861645782113,sector_need_score,-0.0361,False
Ganadhal (Deodurga),roads_transport,0.1884822381960289,0.1471909623443452,0.1569668037052644,sector_need_score,-0.1147,False
Ganadhal (Deodurga),sanitation,1.0,0.5557492462916684,0.2812776815372159,sector_need_score,0.2917,True
Gugal,education,0.0481959358099399,0.2065347450674882,0.2336854517252928,sector_need_score,-0.1506,False
Gugal,electricity_infra,0.0,0.0326094566952209,0.2798389642712217,sector_need_score,-0.1991,True
Gugal,health,0.7142857142857143,0.4336833990215959,0.1802570862298588,sector_need_score,0.1193,False
Gugal,livelihood,0.6256600961084072,0.517941176641013,0.0433563918591507,sector_need_score,0.1148,False
Gugal,roads_transport,0.0227351226499176,0.2396231512902081,0.257807655944551,sector_need_score,-0.1655,True
Gugal,sanitation,0.6249999999999999,0.4749346594782971,0.1136778429304681,sector_need_score,0.1102,False
Hemanal,education,0.1710704827400805,0.4132356789985505,0.2580896748335811,proposed_budget_lakh,0.1368,True
Hemanal,electricity_infra,0.3333333333333333,0.4640021293479449,0.2707675505397272,proposed_budget_lakh,0.0997,True
Hemanal,health,0.888888888888889,0.5862424925539379,0.2497396223626224,sector_need_score,0.2986,True
Hemanal,livelihood,0.3305217358772467,0.4573996083641187,0.25800721315904,proposed_budget_lakh,0.0998,True
Hemanal,roads_transport,0.3116573894230314,0.4650814434363908,0.2920082215110918,proposed_budget_lakh,0.1006,True
Hemanal,sanitation,0.4583333333333332,0.3501644554048204,0.1137850974764146,sector_need_score,0.0892,False
Hirebudur,education,0.017876418778634,0.18913750030926,0.2244662617717427,sector_need_score,-0.1683,False
Hirebudur,electricity_infra,0.4444444444444442,0.5468293914852811,0.2011142242469021,proposed_budget_lakh,0.1107,False
Hirebudur,health,0.6666666666666666,0.4690468283419557,0.1840112188334733,sector_need_score,0.1204,False
Hirebudur,livelihood,0.3396365811043506,0.2325193523903699,0.1474401510890934,proposed_budget_lakh,-0.0721,False
Hirebudur,roads_transport,0.2437312767113993,0.1499367484808087,0.2176507305461549,sector_need_score,-0.1181,False
Hirebudur,sanitation,0.7499999999999998,0.5320366361510365,0.099879573046417,sector_need_score,0.1331,False
Hosur Siddapur,education,0.1255930198338894,0.1767738689043979,0.2184555388081638,sector_need_score,-0.1462,False
Hosur Siddapur,electricity_infra,0.3999999999999999,0.3108372401629004,0.1389336367433499,proposed_budget_lakh,-0.0597,False
Hosur Siddapur,health,0.6,0.4614353761262759,0.1557298839810291,sector_need_score,0.1077,False
Hosur Siddapur,livelihood,0.3772936703686994,0.3097013806355861,0.1768664691442808,proposed_budget_lakh,-0.0385,False
Hosur Siddapur,roads_transport,0.0890339688683621,0.3028201229574129,0.2941906478548535,sector_need_score,-0.1449,True
Hosur Siddapur,sanitation,0.6249999999999999,0.3974679405364581,0.0986592508231613,sector_need_score,0.1109,False
Jagirajadaladinni,education,0.2381863527278908,0.1439864845299195,0.2097285240799788,sector_need_score,-0.1092,False
Jagirajadaladinni,electricity_infra,0.2380952380952381,0.4284823047613735,0.2590218680742487,proposed_budget_lakh,0.1363,True
Jagirajadaladinni,health,0.8571428571428571,0.6954236629040486,0.2322222729234223,sector_need_score,0.2674,False
Jagirajadaladinni,livelihood,0.1785723398244874,0.2629723794125743,0.1756121650928273,sector_need_score,-0.1041,False
Jagirajadaladinni,roads_transport,0.1149880721153261,0.1261762936247007,0.2229201954079583,sector_need_score,-0.1502,False
Jagirajadaladinni,sanitation,0.7857142857142857,0.4761004036982539,0.2133156395824845,sector_need_score,0.1701,False
Jalahalli,education,0.8740023843901905,0.5497491292087663,0.2670168082196624,sector_need_score,0.2764,True
Jalahalli,electricity_infra,1.0,0.5739100740052099,0.2565840593992125,sector_need_score,0.2938,True
Jalahalli,health,1.0,0.772375807669927,0.3838599405292787,sector_need_score,0.2851,True
Jalahalli,livelihood,0.6966661525654758,0.4299021516560611,0.1554317126834186,sector_need_score,0.1313,False
Jalahalli,roads_transport,1.0,0.7001159281641889,0.2824981309394451,sector_need_score,0.2796,True
Jalahalli,sanitation,1.0,0.6257928009889521,0.2942506873523893,sector_need_score,0.287,True
Jeerabandi,education,0.1546485687328115,0.309557184605138,0.2666522950550316,sector_need_score,-0.1273,True
Jeerabandi,electricity_infra,0.2962962962962963,0.373830312390648,0.1925876759598151,proposed_budget_lakh,0.0669,False
Jeerabandi,health,1.0,0.5664199472366831,0.2803299460180715,sector_need_score,0.294,True
Jeerabandi,livelihood,0.2557108541216921,0.2451035018723661,0.1738570703493819,sector_need_score,-0.0812,False
Jeerabandi,roads_transport,0.1085849863722313,0.3049554620963525,0.1927713228387524,sector_need_score,-0.1343,False
Jeerabandi,sanitation,0.3333333333333333,0.3901514122752247,0.1669349165664734,proposed_budget_lakh,0.0308,False
K.Irabgera,education,0.1597894343143197,0.1534063618446678,0.1552257516914156,sector_need_score,-0.1217,False
K.Irabgera,electricity_infra,0.4999999999999999,0.3662320788729651,0.1400747009772969,sector_need_score,0.0891,False
K.Irabgera,health,0.0,0.2975342375163721,0.2890194447990056,sector_need_score,-0.165,True
K.Irabgera,livelihood,0.3268545370289759,0.2258693290516458,0.1780344938124937,proposed_budget_lakh,-0.076,False
K.Irabgera,roads_transport,0.0227351226499176,0.3234755270235997,0.2768284496033415,sector_need_score,-0.1561,True
K.Irabgera,sanitation,0.0208333333333333,0.2045870982577395,0.2773472304561417,sector_need_score,-0.1742,True
Karadigudda,education,0.0732360869717356,0.2552866373687859,0.2498580907806233,sector_need_score,-0.1513,True
Karadigudda,electricity_infra,1.5419764230904953e-17,0.0355058058676997,0.2736350519908121,sector_need_score,-0.1999,True
Karadigudda,health,0.6666666666666666,0.4155190670414954,0.1756676060717121,sector_need_score,0.1071,False
Karadigudda,livelihood,0.4470931727621947,0.4016087599077741,0.1587133746851655,sector_need_score,0.0729,False
Karadigudda,roads_transport,0.0227351226499176,0.0595059200069227,0.2721028215888398,sector_need_score,-0.1808,True
Karadigudda,sanitation,0.25,0.2454709984850963,0.2001634521455447,sector_need_score,-0.089,False
Karigudda,education,0.1151008614269934,0.2506908420492,0.1846964032720026,sector_need_score,-0.1334,False
Karigudda,electricity_infra,0.3333333333333333,0.3875864678456066,0.1510003323310524,proposed_budget_lakh,0.0319,False
Karigudda,health,0.0,0.1142419864748913,0.2410815967720469,sector_need_score,-0.1827,False
Karigudda,livelihood,0.3777301630566992,0.2548366233358439,0.1182344504929954,proposed_budget_lakh,-0.0735,False
Karigudda,roads_transport,0.0176197200536861,0.0545628746022124,0.2538891442548624,sector_need_score,-0.1926,True
Karigudda,sanitation,0.25,0.3659516935379998,0.2096345397258568,proposed_budget_lakh,0.0835,False
Koppar,education,0.057946320612647,0.2675126387302016,0.1919366840679742,sector_need_score,-0.1459,False
Koppar,electricity_infra,0.0476190476190476,0.1259427831039282,0.201600903736425,sector_need_score,-0.164,False
Koppar,health,0.4285714285714285,0.3742660899505614,0.2263224985049851,sector_need_score,0.0282,False
Koppar,livelihood,0.4265310861066633,0.466531994643603,0.2441133703826939,proposed_budget_lakh,0.0548,False
Koppar,roads_transport,0.3068730350146799,0.3923170502437921,0.1841926522122064,proposed_budget_lakh,0.0468,False
Koppar,sanitation,0.2142857142857143,0.3053409527348705,0.157947791774933,sector_need_score,-0.0903,False
Kothadoddi,education,0.2203267370109822,0.2069512006576275,0.1915187496466185,sector_need_score,-0.105,False
Kothadoddi,electricity_infra,0.5999999999999999,0.5544265755867349,0.0944007666041849,sector_need_score,0.1165,False
Kothadoddi,health,0.8,0.4867787554217166,0.1886477768666942,sector_need_score,0.2199,False
Kothadoddi,livelihood,0.2750236003834212,0.2428058752119783,0.139372257452898,proposed_budget_lakh,-0.0722,False
Kothadoddi,roads_transport,0.2836510246329214,0.3445885341424564,0.1453572671224001,sector_need_score,-0.0449,False
Kothadoddi,sanitation,0.7749999999999998,0.4848361846532277,0.2188892262690408,sector_need_score,0.1617,False
Kyadigera,education,0.1126644554097408,0.1388343085994542,0.2253686242019305,sector_need_score,-0.1504,False
Kyadigera,electricity_infra,0.3333333333333333,0.2517269430285999,0.164803798988313,proposed_budget_lakh,-0.0764,False
Kyadigera,health,0.0,0.2642736737735651,0.3283594039569807,sector_need_score,-0.1695,True
Kyadigera,livelihood,0.4597949159019118,0.490877048631283,0.1096935078027664,sector_need_score,0.0915,False
Kyadigera,roads_transport,0.0227351226499176,0.1775651383727617,0.2395992586561119,sector_need_score,-0.1572,False
Kyadigera,sanitation,0.0,0.3272329106072695,0.2927561053171886,sector_need_score,-0.1616,True
Maladakal,education,0.2478525473070315,0.1499857898763174,0.246376192679706,sector_need_score,-0.1154,True
Maladakal,electricity_infra,0.5555555555555556,0.3711173200913129,0.1024890268146772,sector_need_score,0.098,False
Maladakal,health,0.5,0.5038749195671606,0.112856265228518,sector_need_score,0.0988,False
Maladakal,livelihood,0.3488140643649312,0.3291585847256976,0.1667846258257051,sector_need_score,-0.0211,False
Maladakal,roads_transport,0.5084979253371946,0.3639757240411939,0.1370373370454002,sector_need_score,0.0877,False
Maladakal,sanitation,1.0,0.7708791422336998,0.3946153984832754,sector_need_score,0.2792,True
Malledevaragudda,education,0.0918789574895709,0.1228806322732835,0.2226538336899433,sector_need_score,-0.1604,False
Malledevaragudda,electricity_infra,0.6666666666666666,0.4724330907299386,0.1284012909457129,sector_need_score,0.1094,False
Malledevaragudda,health,1.0,0.637217139608818,0.3033674823897889,sector_need_score,0.3066,True
Malledevaragudda,livelihood,0.2580128266353332,0.3444850178443315,0.1876773480606707,proposed_budget_lakh,0.0755,False
Malledevaragudda,roads_transport,0.1467738493052581,0.3101269464573654,0.2864968324129118,sector_need_score,-0.1314,True
Malledevaragudda,sanitation,0.425,0.2772628360764143,0.1429006079009069,proposed_budget_lakh,-0.0725,False
Masarkal,education,0.2630065413597404,0.2573700559640997,0.1765653546201405,sector_need_score,-0.0662,False
Masarkal,electricity_infra,0.5333333333333333,0.4773324395544233,0.1256219625284405,sector_need_score,0.0928,False
Masarkal,health,0.4,0.3600774233879441,0.1432700971581235,proposed_budget_lakh,-0.0091,False
Masarkal,livelihood,0.4483126619693342,0.5096101724334645,0.1219109680921965,proposed_budget_lakh,0.0852,False
Masarkal,roads_transport,0.2130726955237026,0.1550437433601694,0.1507857237344085,sector_need_score,-0.1144,False
Masarkal,sanitation,0.6249999999999999,0.4277450412955415,0.1450348845074056,sector_need_score,0.1035,False
Mundaragi,education,0.0851522088396981,0.293195923332882,0.2972387337697914,sector_need_score,-0.1496,True
Mundaragi,electricity_infra,0.3333333333333333,0.3123039570759003,0.1736461061137332,sector_need_score,-0.0278,False
Mundaragi,health,0.6,0.4706213596856158,0.0868411929853136,sector_need_score,0.1027,False
Mundaragi,livelihood,0.6104055475457595,0.3692112906183531,0.0986921372240637,sector_need_score,0.1102,False
Mundaragi,roads_transport,0.0227351226499176,0.1691085856157054,0.2396603948386424,sector_need_score,-0.1585,False
Mundaragi,sanitation,0.3499999999999999,0.2481919017265717,0.103580370319208,proposed_budget_lakh,-0.0757,False
Mustur,education,0.0757688174531479,0.283692183626165,0.2150228308742624,sector_need_score,-0.1431,False
Mustur,electricity_infra,0.0,0.1447158070007638,0.2409065376601811,sector_need_score,-0.1734,False
Mustur,health,0.9,0.6055455679672626,0.2350029396096065,sector_need_score,0.2663,False
Mustur,livelihood,0.2416726196746394,0.1540650076871975,0.2097760908468256,sector_need_score,-0.107,False
Mustur,roads_transport,0.1221833919775844,0.1254281041940017,0.2209234662365032,sector_need_score,-0.1513,False
Mustur,sanitation,0.6249999999999999,0.5580771713994223,0.1978367132339708,proposed_budget_lakh,0.1045,False
Nagadadinni,education,0.2358418055612652,0.3736072525789665,0.2080373218244495,sector_need_score,-0.0789,False
Nagadadinni,electricity_infra,0.1666666666666667,0.1627760950118833,0.1541393386748648,sector_need_score,-0.1209,False
Nagadadinni,health,0.8333333333333334,0.6165885145711816,0.1960435547010392,sector_need_score,0.2544,False
Nagadadinni,livelihood,0.6105176132743669,0.5259347731237713,0.1176044525478289,sector_need_score,0.1128,False
Nagadadinni,roads_transport,0.1856126022082647,0.4128678142415339,0.2400825619656676,proposed_budget_lakh,0.1314,False
Nagadadinni,sanitation,0.4374999999999999,0.2975918088420548,0.1768515803848053,proposed_budget_lakh,-0.0737,False
Palakanamardi,education,0.0800892739587163,0.0975388352961613,0.2061028901548342,sector_need_score,-0.1609,False
Palakanamardi,electricity_infra,0.6666666666666665,0.3990346758953031,0.1181489418463648,sector_need_score,0.1248,False
Palakanamardi,health,0.8333333333333334,0.5533512362995436,0.2034982722928136,sector_need_score,0.2793,False
Palakanamardi,livelihood,0.1879244448951499,0.3462676153557534,0.2043091438415302,sector_need_score,-0.09,False
Palakanamardi,roads_transport,0.3542293537421402,0.2581120167654389,0.1535822248283817,proposed_budget_lakh,-0.0777,False
Palakanamardi,sanitation,0.8333333333333334,0.6279736521703823,0.2647617361393388,sector_need_score,0.2612,True
Ramadurga,education,0.5915015838154783,0.5436824294740401,0.1276968468072165,sector_need_score,0.1085,False
Ramadurga,electricity_infra,0.4000000000000001,0.3331936413434896,0.1844975073536352,proposed_budget_lakh,-0.0261,False
Ramadurga,health,1.0,0.7785115089729654,0.3524513697053317,sector_need_score,0.2848,True
Ramadurga,livelihood,0.135437437430572,0.1824773203326337,0.1666417049155775,sector_need_score,-0.1366,False
Ramadurga,roads_transport,0.6065363477618514,0.544717053384322,0.1207230392870323,sector_need_score,0.1105,False
Ramadurga,sanitation,1.0,0.6082211158257291,0.2772704141751478,sector_need_score,0.2976,True
Shavantagera,education,0.0625821714076017,0.2285705081598466,0.2362065784696488,sector_need_score,-0.159,False
Shavantagera,electricity_infra,0.3333333333333333,0.4576311745756441,0.2124961829023113,proposed_budget_lakh,0.1125,False
Shavantagera,health,0.8,0.6509509037132285,0.2675097918588174,sector_need_score,0.1966,True
Shavantagera,livelihood,0.4607226055640799,0.5837551777849912,0.2308180349685825,proposed_budget_lakh,0.1138,False
Shavantagera,roads_transport,0.2879305075236957,0.3461870167413707,0.1375013177135322,proposed_budget_lakh,0.0485,False
Shavantagera,sanitation,0.6249999999999999,0.3995378083467356,0.129491960919467,sector_need_score,0.1116,False
Somanamaradi,education,0.3718564322994598,0.3917111946205722,0.1331784154636741,proposed_budget_lakh,0.024,False
Somanamaradi,electricity_infra,0.0,0.1077903596614486,0.2426507506353537,sector_need_score,-0.1872,False
Somanamaradi,health,1.0,0.6578668045996153,0.3302199013924888,sector_need_score,0.2749,True
Somanamaradi,livelihood,0.1116746015134423,0.2567920512988204,0.1845633168936531,sector_need_score,-0.1328,False
Somanamaradi,roads_transport,0.0227351226499176,0.2486403615532344,0.2571753158266999,sector_need_score,-0.1683,True
Somanamaradi,sanitation,0.6249999999999999,0.3771519516839167,0.1000729306276318,sector_need_score,0.1155,False
