gp_name,sector,proposed_budget_lakh,historical_expenditure_lakh,population_affected,sector_need_score,synthetic_impact
Alkod,education,10.614422733489338,14.260714596148743,3972,0.7001578824841364,0.39090835885566183
Alkod,electricity_infra,15.727553632769201,6.687491292803867,4626,0.0833333333333333,0.3026142498589876
Alkod,health,12.562724515214944,5.005629167085328,3119,0.75,0.570055872194887
Alkod,livelihood,18.285669289309045,0.3087674144370367,969,0.3960348089084939,0.41059154487386285
Alkod,roads_transport,18.60597176213697,14.078290635236252,2633,0.838557338435535,0.6525570513220823
Alkod,sanitation,6.181974245763314,2.7510676478015075,4755,0.8124999999999999,0.3718903995426392
Amarapur,education,16.06802269123046,0.10599457829576109,3104,0.1105460944343151,0.22375359470978562
Amarapur,electricity_infra,8.698270224554964,9.177793420835693,2247,0.2916666666666667,0.3169348580711997
Amarapur,health,8.719326916310017,5.495427649405375,389,1.0,0.6537092918322243
Amarapur,livelihood,4.083947994254879,9.27579013999631,2099,0.2817446622268985,0.2064147348977044
Amarapur,roads_transport,13.827392083513066,8.886218532930638,3402,0.2224174364782657,0.2764015103095428
Amarapur,sanitation,21.778629354935372,10.204613078816696,3088,0.5312499999999998,0.5667888237440407
Arkera,education,3.496186638661429,14.233283058799998,2563,0.0923393050527872,0.07405463686277643
Arkera,electricity_infra,14.955629010447403,5.781247538098741,2812,0.1666666666666666,0.17956622164895172
Arkera,health,7.310557989309427,3.615381990390176,1678,0.5,0.3374167388880195
Arkera,livelihood,16.02992312900028,12.497923676042465,234,0.561199539089997,0.4931148134472807
Arkera,roads_transport,22.914369247811987,3.8816997240002538,4143,0.1884822381960289,0.42534743431165933
Arkera,sanitation,19.373312437306005,6.37733811736867,2813,0.125,0.2229199612228721
B.Ganekal,education,14.574336424895431,2.7728168328829055,4998,0.0873524245656024,0.2124226840539736
B.Ganekal,electricity_infra,21.372549815684966,6.746312000546485,4497,0.0,0.2527054150504634
B.Ganekal,health,22.581029059835924,8.968499682166277,3542,0.8,0.6159097534756756
B.Ganekal,livelihood,4.035327547194148,2.939742936287178,1216,0.3154915461130003,0.2305533673689946
B.Ganekal,roads_transport,24.10695656003503,12.66800773017227,537,0.0890339688683621,0.3711688647351915
B.Ganekal,sanitation,14.412919044948834,8.801267484957723,579,0.6249999999999999,0.4709204131378338
Bhumanagunda,education,8.347981186518497,4.444102585561236,4084,0.125780199490933,0.2658205044147621
Bhumanagunda,electricity_infra,3.714664804634729,14.80330404900776,2227,0.3333333333333333,0.19527464394560048
Bhumanagunda,health,8.750228018514877,0.21119734072626684,591,1.0,0.5826685626876451
Bhumanagunda,livelihood,18.767164864942707,11.569055200289187,3761,0.2004883640927215,0.3016665930272431
Bhumanagunda,roads_transport,10.24471175651827,1.7380358928769457,400,0.1332331996806585,0.14877818725412406
Bhumanagunda,sanitation,16.33585691703383,4.963470372789738,4798,0.6249999999999998,0.480579008342713
Chinchodi,education,9.15259339946023,4.877749830401205,2931,0.0880739996651603,0.08216367716447669
Chinchodi,electricity_infra,16.663821841169902,13.308191138644897,2890,0.6222222222222222,0.5015003320094853
Chinchodi,health,19.498056118188643,8.419157963542444,4693,0.0,0.23685037356947852
Chinchodi,livelihood,13.357298716380987,7.840992440729911,1684,0.2496486591831573,0.17097178968611054
Chinchodi,roads_transport,6.6395416537141125,13.43645393510279,763,0.0073889148612232,0.07827148165118812
Chinchodi,sanitation,14.955338155456824,10.432741296391912,1878,0.25,0.3065707619525784
Dondambli,education,19.37767618649012,3.431972482374337,1922,0.1903358212199068,0.35342947438236183
Dondambli,electricity_infra,17.980053459913204,13.207017585228865,2929,0.654320987654321,0.6031528889749103
Dondambli,health,20.58676872998159,9.501056347656352,2893,0.4444444444444445,0.5118311602120268
Dondambli,livelihood,12.500295121106936,3.276606558252504,1563,0.1983525560554255,0.2181616333542184
Dondambli,roads_transport,22.52885696526949,8.09013362873476,1729,0.131320109022149,0.299185729481426
Dondambli,sanitation,4.808022958115487,5.344467571154624,2437,0.6388888888888888,0.40611594001932294
Gabbur,education,4.531194264136565,3.4190274381291252,4229,0.0126385683780881,0.03332962354180677
Gabbur,electricity_infra,2.011968670892264,5.2885328450125355,1482,0.0,0.0
Gabbur,health,2.159899002217386,7.661209538663486,4944,0.0,0.14462587519663847
Gabbur,livelihood,13.151089341256613,10.386540493354055,4979,0.4047024702545536,0.34462809399149646
Gabbur,roads_transport,7.614887011698806,2.5243656325939585,3943,0.0227351226499176,0.07141999633091728
Gabbur,sanitation,13.93218430009742,10.545284383427667,2053,0.25,0.1825797087890701
Galaga,education,24.350987902582094,14.436709424131669,3781,0.089686549275463,0.3796252340876581
Galaga,electricity_infra,18.014998275315133,10.68405884886663,1836,0.0,0.16678318701395453
Galaga,health,8.551331370681755,0.5533042103179919,2360,0.0,0.10404700442657236
Galaga,livelihood,24.462143984151016,6.165555199773469,1054,0.2381283752648611,0.4610410732574638
Galaga,roads_transport,8.408868677442063,13.623988289499806,3674,0.1884822381960289,0.14653411584111561
Galaga,sanitation,17.656225385759637,7.964018749757046,2977,0.6249999999999999,0.5283488272199925
Ganadhal (Deodurga),education,24.669960444543815,3.630829072672506,3710,0.0746882302368615,0.409573010962647
Ganadhal (Deodurga),electricity_infra,19.517251152560505,3.564563159885995,966,0.6666666666666666,0.44470299432088545
Ganadhal (Deodurga),health,20.472214396737606,7.054509516690576,397,0.75,0.5801412804118903
Ganadhal (Deodurga),livelihood,11.17296217622472,12.246478098290758,808,0.3128617725114044,0.2452793381810453
Ganadhal (Deodurga),roads_transport,5.466503511204878,7.62298165111078,2711,0.1884822381960289,0.15049390510445254
Ganadhal (Deodurga),sanitation,2.93782825575957,8.863394147823627,1569,1.0,0.532864395200438
Gugal,education,13.778140340883462,3.3974366279690695,3111,0.0481959358099399,0.136372520348242
Gugal,electricity_infra,4.212060675102677,14.10784896734406,2159,0.0,0.01782606079558134
Gugal,health,10.894912964912361,14.050949831051017,4936,0.7142857142857143,0.44922056419916434
Gugal,livelihood,17.54087269190346,11.028241788611583,4261,0.6256600961084072,0.5057810580984017
Gugal,roads_transport,18.00304118493689,3.428250326959495,823,0.0227351226499176,0.2383151921707563
Gugal,sanitation,14.769618666787634,7.944758675340097,2249,0.6249999999999999,0.5352636301200056
Hemanal,education,24.913835094432258,14.481290269331904,4748,0.1710704827400805,0.4372678123305481
Hemanal,electricity_infra,22.7096153147566,9.496521859099019,2256,0.3333333333333333,0.471863763510512
Hemanal,health,8.414041109620182,10.505367449591569,2455,0.888888888888889,0.5017142317856318
Hemanal,livelihood,22.633535978909272,13.30629636397676,3391,0.3305217358772467,0.4366985036691669
Hemanal,roads_transport,22.418712271502077,12.76392673151269,1848,0.3116573894230314,0.54356971214416
Hemanal,sanitation,5.717460424176116,13.478312827906189,4123,0.4583333333333332,0.3485028263911449
Hirebudur,education,15.355792293038457,5.584241498426146,298,0.017876418778634,0.1711824889621022
Hirebudur,electricity_infra,24.3942682453723,4.258814621061985,4633,0.4444444444444442,0.5940553503148787
Hirebudur,health,13.169116332483211,6.72636214479371,1156,0.6666666666666666,0.47195926983326114
Hirebudur,livelihood,7.158194117592875,10.682688320213037,4693,0.3396365811043506,0.22229652154812635
Hirebudur,roads_transport,9.484193057663157,11.197371076770363,1418,0.2437312767113993,0.3054625518440858
Hirebudur,sanitation,17.125096522907896,8.524629050032074,4755,0.7499999999999998,0.5150186937742998
Hosur Siddapur,education,13.70272376729148,9.544989272788431,1245,0.1255930198338894,0.13154031611102462
Hosur Siddapur,electricity_infra,7.6117617977189225,14.595158321286684,3636,0.3999999999999999,0.3384053704756508
Hosur Siddapur,health,13.195069518067468,13.59148181577831,425,0.6,0.45972538079762026
Hosur Siddapur,livelihood,10.05180337697754,9.676550430458473,1159,0.3772936703686994,0.31563674963493793
Hosur Siddapur,roads_transport,21.87585399665377,3.452779023623329,1015,0.0890339688683621,0.28895609042267745
Hosur Siddapur,sanitation,8.457764336139682,0.3647394964718076,3320,0.6249999999999999,0.4020685036644732
Jagirajadaladinni,education,3.0028867503519763,14.918257661960116,2405,0.2381863527278908,0.1322223222266003
Jagirajadaladinni,electricity_infra,23.94035727105951,13.722965853306729,1260,0.2380952380952381,0.37503225978761323
Jagirajadaladinni,health,23.351326939517683,6.422762224759715,4476,0.8571428571428571,0.6896918407272026
Jagirajadaladinni,livelihood,15.16272679092928,14.704973755740685,1339,0.1785723398244874,0.2505663294625101
Jagirajadaladinni,roads_transport,8.77232451760047,5.776465929028879,1384,0.1149880721153261,0.12133274171793193
Jagirajadaladinni,sanitation,9.289206118594386,2.5423912002913873,2016,0.7857142857142857,0.47706915631368324
Jalahalli,education,11.077903736617861,12.663197110894671,2095,0.8740023843901905,0.4447980609513988
Jalahalli,electricity_infra,3.6195710095395097,3.1337807642304027,4214,1.0,0.5776669621922325
Jalahalli,health,24.771238552398056,2.1012602285478605,354,1.0,0.8167675260779338
Jalahalli,livelihood,8.791683533635592,4.838261463579007,3375,0.6966661525654758,0.4495878370615734
Jalahalli,roads_transport,18.031362042891164,10.53726125980664,3006,1.0,0.7282425637526811
Jalahalli,sanitation,11.65495969826436,3.8431041539168707,2655,1.0,0.6535383865361036
Jeerabandi,education,23.00453270879884,7.670135982914067,4331,0.1546485687328115,0.3171785870417769
Jeerabandi,electricity_infra,20.36078911623583,9.749458961666477,4695,0.2962962962962963,0.3658486024319578
Jeerabandi,health,3.1676762139061294,13.2992572342599,1366,1.0,0.5644279450483924
Jeerabandi,livelihood,10.638407910718712,1.409729097613035,2974,0.2557108541216921,0.2658914962474274
Jeerabandi,roads_transport,17.45660111178959,4.922290012120979,3969,0.1085849863722313,0.36593773101170596
Jeerabandi,sanitation,14.480826598274263,4.298118781924266,1915,0.3333333333333333,0.42141719361782337
K.Irabgera,education,2.8931988918767337,4.548982720098342,2691,0.1597894343143197,0.16126371087909813
K.Irabgera,electricity_infra,9.512978561308941,12.41803505681383,3251,0.4999999999999999,0.32606899694931624
K.Irabgera,health,24.200792098987705,6.8589774242059285,1076,0.0,0.26218165502437374
K.Irabgera,livelihood,6.470740781882079,6.170308575850179,4564,0.3268545370289759,0.19097382171563615
K.Irabgera,roads_transport,24.299347943625655,10.71892656269928,1882,0.0227351226499176,0.3169476041378021
K.Irabgera,sanitation,20.289282479680185,4.062483768931113,3875,0.0208333333333333,0.11684031419984378
Karadigudda,education,19.112980788979655,3.762907910199918,316,0.0732360869717356,0.2430428491064737
Karadigudda,electricity_infra,3.8600782321955465,6.424717124101616,2131,1.5419764230904953e-17,0.0309851188202557
Karadigudda,health,11.405917721528207,2.5994148010626867,712,0.6666666666666666,0.39398981933317223
Karadigudda,livelihood,12.174101283815402,3.5968103873610486,759,0.4470931727621947,0.40952261751581387
Karadigudda,roads_transport,6.2059179334680685,14.019209960095646,3543,0.0227351226499176,0.028881490097081484
Karadigudda,sanitation,13.884013920811034,9.856669927502503,780,0.25,0.3049953003348954
Karigudda,education,16.0695771633901,6.2940009364168485,3347,0.1151008614269934,0.38957422784863044
Karigudda,electricity_infra,15.018855841363754,2.3796967146373653,2944,0.3333333333333333,0.2663426562652706
Karigudda,health,9.863232334477235,1.3769859872016283,3318,0.0,0.11093121776337435
Karigudda,livelihood,2.9367624533363132,12.831908760165108,3259,0.3777301630566992,0.2037332240866221
Karigudda,roads_transport,6.0325962074547865,0.25741652747625354,2679,0.0176197200536861,0.051102580571481246
Karigudda,sanitation,20.55899847216793,5.194564816341012,1957,0.25,0.40972053639778316
Koppar,education,16.944794700783557,0.7208838629555059,3049,0.057946320612647,0.28762715195714833
Koppar,electricity_infra,8.000553336859422,0.22956810435577124,3930,0.0476190476190476,0.1583980713169037
Koppar,health,13.572133947342017,12.847347617824834,1548,0.4285714285714285,0.3409843675312567
Koppar,livelihood,17.731166696157246,9.237767465848707,535,0.4265310861066633,0.5477319473273394
Koppar,roads_transport,16.77564339874526,0.3976696581243272,1095,0.3068730350146799,0.26623207887518846
Koppar,sanitation,16.63728274125826,12.014239420235995,2131,0.2142857142857143,0.2551587965862415
Kothadoddi,education,10.927908302750003,9.649323276635297,4200,0.2203267370109822,0.24978473235800983
Kothadoddi,electricity_infra,20.657696064928068,12.30959213615933,4113,0.5999999999999999,0.5523620487364191
Kothadoddi,health,6.753740277165144,4.109416909817006,4307,0.8,0.5054470872949192
Kothadoddi,livelihood,4.317894031680813,0.2733273847732459,2746,0.2750236003834212,0.26833323332564046
Kothadoddi,roads_transport,16.219839339771536,5.048313223330897,4385,0.2836510246329214,0.33047103842543923
Kothadoddi,sanitation,9.33643949675651,12.673129664541818,1825,0.7749999999999998,0.505223746971727
Kyadigera,education,9.83436509767752,3.910417923538547,4174,0.1126644554097408,0.14461880624078816
Kyadigera,electricity_infra,4.717791035298093,10.451057480462259,1716,0.3333333333333333,0.2526965850132759
Kyadigera,health,23.542907492681266,0.5877949001346938,928,0.0,0.26659096437965824
Kyadigera,livelihood,20.480061398851518,4.2305185885695975,3665,0.4597949159019118,0.4597053436838569
Kyadigera,roads_transport,11.739831673086726,8.527804256249375,2986,0.0227351226499176,0.1794196990501884
Kyadigera,sanitation,24.781618266015485,6.189265153671397,2343,0.0,0.34912546554621576
Maladakal,education,9.83848142581941,13.96135988405347,4332,0.2478525473070315,0.13158272317965478
Maladakal,electricity_infra,7.487727775177824,10.197671698503687,2526,0.5555555555555556,0.3856694323135831
Maladakal,health,19.354486103947693,1.5468580325389891,4152,0.5,0.46874366731349537
Maladakal,livelihood,13.620804566300714,12.396861991616124,1565,0.3488140643649312,0.38523753386114457
Maladakal,roads_transport,8.84560901371415,1.4997733074279507,595,0.5084979253371946,0.3478901407794415
Maladakal,sanitation,24.046454428313563,12.707147161433847,4560,1.0,0.8536100747978778
Malledevaragudda,education,9.344213664579542,14.250929505762073,3777,0.0918789574895709,0.12424939169553803
Malledevaragudda,electricity_infra,16.532255879905385,6.726682829674797,4691,0.6666666666666666,0.42020390851090345
Malledevaragudda,health,9.559284543508067,10.087776841155577,3836,1.0,0.66729106655568
Malledevaragudda,livelihood,20.206318005694516,11.844272141918308,2356,0.2580128266353332,0.32930498127372726
Malledevaragudda,roads_transport,23.41136943080773,14.613723128016153,3494,0.1467738493052581,0.27531076098514545
Malledevaragudda,sanitation,3.285036557579051,11.055533351865133,932,0.425,0.25272310962314515
Masarkal,education,10.07104528869781,1.7560052464140878,1153,0.2630065413597404,0.24039688084273547
Masarkal,electricity_infra,16.219015456274004,1.5168401418418536,1742,0.5333333333333333,0.5024501009292051
Masarkal,health,11.800103926079645,3.338646263565458,3193,0.4,0.3862217881037163
Masarkal,livelihood,22.51362890186586,2.1990723253803823,3436,0.4483126619693342,0.4991009001015271
Masarkal,roads_transport,7.364245665764139,8.719581258401735,1588,0.2130726955237026,0.15066649865512172
Masarkal,sanitation,10.52476938253849,12.191993508862538,710,0.6249999999999999,0.45314429565167674
Mundaragi,education,22.876955246016564,8.878331082319265,2027,0.0851522088396981,0.32535928637807665
Mundaragi,electricity_infra,10.653970467211062,1.2525107504800315,3123,0.3333333333333333,0.3229611459966814
Mundaragi,health,14.843297743923516,6.363330138704645,3802,0.6,0.4343792372398471
Mundaragi,livelihood,4.557542093041481,7.3893765643628875,4948,0.6104055475457595,0.33987463523099987
Mundaragi,roads_transport,11.319647995972593,8.57209537807516,655,0.0227351226499176,0.1726722430934352
Mundaragi,sanitation,4.703103675873413,9.738154531740953,3272,0.3499999999999999,0.29380359687206714
Mustur,education,17.663906823228906,3.5625970693870492,704,0.0757688174531479,0.29814739100330034
Mustur,electricity_infra,10.622023329045193,4.285681294227911,1023,0.0,0.1315670235061822
Mustur,health,14.15251278983581,6.54503747409834,2305,0.9,0.5954604022819723
Mustur,livelihood,2.279552917865776,14.548182400614586,2052,0.2416726196746394,0.1683819727856743
Mustur,roads_transport,9.421786930384425,0.6510117494725914,3484,0.1221833919775844,0.11958361728873178
Mustur,sanitation,24.838190310743908,1.106948471030983,1450,0.6249999999999999,0.5697082117658822
Nagadadinni,education,17.994455831452893,1.131518206346539,1456,0.2358418055612652,0.40934293838104846
Nagadadinni,electricity_infra,6.986609451489298,4.417409202591448,3784,0.1666666666666667,0.18727437075355102
Nagadadinni,health,16.43383584193346,8.764714678846504,2903,0.8333333333333334,0.5964963600812204
Nagadadinni,livelihood,18.953316234389444,13.728815125036595,1553,0.6105176132743669,0.5741555356791203
Nagadadinni,roads_transport,23.859464133760852,13.353956758363745,3219,0.1856126022082647,0.4434686189017423
Nagadadinni,sanitation,4.455389516525341,5.034900971954448,1345,0.4374999999999999,0.24998279628602202
Palakanamardi,education,6.32678667364651,6.955476074099733,2945,0.0800892739587163,0.0945956799406425
Palakanamardi,electricity_infra,7.2760791512138425,3.9890688744635843,4336,0.6666666666666665,0.3930139944805491
Palakanamardi,health,7.978846845648042,6.798612702432465,2708,0.8333333333333334,0.5606053447502113
Palakanamardi,livelihood,17.748816968739224,2.4392540901733692,1781,0.1879244448951499,0.3556258984484518
Palakanamardi,roads_transport,3.7526087307807523,14.10797740703075,455,0.3542293537421402,0.2914411477049941
Palakanamardi,sanitation,15.366740287159004,13.787648277533394,209,0.8333333333333334,0.6514976976050165
Ramadurga,education,23.452755117142306,12.990958342506126,1215,0.5915015838154783,0.49557294934202084
Ramadurga,electricity_infra,10.65865743819514,12.158299961727494,423,0.4000000000000001,0.34195210530425163
Ramadurga,health,24.6615791653066,5.651084549069111,4358,1.0,0.7430196798413266
Ramadurga,livelihood,11.03875732651376,12.437463310597716,4984,0.135437437430572,0.17453808788488037
Ramadurga,roads_transport,21.281560208356172,7.030397396924554,710,0.6065363477618514,0.5671766065602428
Ramadurga,sanitation,8.288362654406242,0.8456324497639067,4813,1.0,0.6412386217703702
Shavantagera,education,17.909431134884976,8.015194125441946,1868,0.0625821714076017,0.20166209219986667
Shavantagera,electricity_infra,24.922647252699825,8.331475584039412,3836,0.3333333333333333,0.34950245062644447
Shavantagera,health,23.729611787295845,12.744710860161172,2248,0.8,0.6937818835378218
Shavantagera,livelihood,23.943173626950614,9.0926195167632,4744,0.4607226055640799,0.6498579654753749
Shavantagera,roads_transport,17.449115741334705,9.271923606868437,3619,0.2879305075236957,0.3432123316743567
Shavantagera,sanitation,8.179467086582068,0.33277113045452444,449,0.6249999999999999,0.4129993767864977
Somanamaradi,education,13.967077120787247,11.58477587603459,4162,0.3718564322994598,0.4426413225259808
Somanamaradi,electricity_infra,9.078876514734137,12.245786028195935,435,0.0,0.13846024912989904
Somanamaradi,health,14.901573345313885,13.149804039875175,2048,1.0,0.6896619319929135
Somanamaradi,livelihood,15.56898563416563,7.200689505277127,3478,0.1116746015134423,0.2647709616323824
Somanamaradi,roads_transport,20.04737007071912,9.590420354613634,2322,0.0227351226499176,0.2644481988022706
Somanamaradi,sanitation,6.898175714704947,2.0455721338015467,1529,0.6249999999999999,0.338290387168624
